original_stem,tidied,top_score,suggested_display,suggested_artist,suggested_title,year,genre
10cc - Dreadlock holiday mp3cdg,10cc - Dreadlock holiday mp3cdg,0,,,,,
10cc - Dreadlock holiday zip test,10cc - Dreadlock holiday zip test,0,,,,,
10cc - Dreadlock holiday,10cc - Dreadlock holiday,130,10cc - Dreadlock Holiday,10cc,Dreadlock Holiday,1978,Pop
10cc - I'm Not In Love - Copy,10cc - I'm Not In Love - Copy,0,,,,,
10cc - I'm Not In Love,10cc - I'm Not In Love,130,10cc - I'm Not in Love,10cc,I'm Not in Love,1975,Soundtrack
50 Cent - 21 Questions,50 Cent - 21 Questions,115,50 Cent - 21 Questions (feat. Nate Dogg),50 Cent,21 Questions (feat. Nate Dogg),2003,Hip-Hop/Rap
A-Ha - Take On Me,A-Ha - Take On Me,130,a-ha - Take On Me,a-ha,Take On Me,1985,Pop
AAA Ass Test,AAA Ass Test,0,S.S.S Bass Test - Silicon,Silicon,S.S.S Bass Test,2009,Electronic
AAA sample AVI test,AAA sample AVI test,0,,,,,
AAA sample MKV,AAA sample MKV,0,,,,,
AAA sample MOV,AAA sample MOV,0,,,,,
AAA sample WEBM,AAA sample WEBM,0,,,,,
ABBA - Dancing Queen,ABBA - Dancing Queen,130,ABBA - Dancing Queen,ABBA,Dancing Queen,1976,Pop
ABBA - Fernando (Karaoke Version) [BcpOsRLTBZA],ABBA - Fernando,130,ABBA - Fernando,ABBA,Fernando,1976,Pop
ABBA - Fernando (Karaoke Version)---BcpOsRLTBZA,ABBA - Fernando,130,ABBA - Fernando,ABBA,Fernando,1976,Pop
ABBA - Fernando (Official Lyric Video)---40Z5cWP4IqQ,ABBA - Fernando,130,ABBA - Fernando,ABBA,Fernando,1976,Pop
ABBA - Gimme Gimme Gimme,ABBA - Gimme Gimme Gimme,110,ABBA - Gimme! Gimme! Gimme! (A Man After Midnight),ABBA,Gimme! Gimme! Gimme! (A Man After Midnight),1979,Pop
"ABBA - Knowing Me, Knowing You","ABBA - Knowing Me, Knowing You",130,"ABBA - Knowing Me, Knowing You",ABBA,"Knowing Me, Knowing You",1976,Pop
ABBA - Mamma Mia,ABBA - Mamma Mia,130,ABBA - Mamma Mia,ABBA,Mamma Mia,1975,Pop
ABBA - The Winner Takes It All,ABBA - The Winner Takes It All,130,ABBA - The Winner Takes It All,ABBA,The Winner Takes It All,1980,Pop
ABBA - Waterloo,ABBA - Waterloo,130,ABBA - Waterloo,ABBA,Waterloo,1974,Pop
ABC - The Look of Love,ABC - The Look of Love,120,ABC - The Look Of Love (Re-Recorded),ABC,The Look Of Love (Re-Recorded),1997,New Wave
ACDC - Highway To Hell,ACDC - Highway To Hell,120,AC/DC - Highway to Hell,AC/DC,Highway to Hell,1979,Hard Rock
Adam & The Ants - Stand and Deliver,Adam & The Ants - Stand and Deliver,100,Adam & The Ants - Stand and Deliver,Adam & The Ants,Stand and Deliver,1981,Pop
Adam Rickett - I Breathe Again,Adam Rickett - I Breathe Again,50,I Breathe Again - Adam Rickitt,Adam Rickitt,I Breathe Again,1999,Pop
Adele - Hello,Adele - Hello,130,Adele - Hello,Adele,Hello,2015,Pop
Adele - Make You Feel My Love,Adele - Make You Feel My Love,130,Adele - Make You Feel My Love,Adele,Make You Feel My Love,2008,Pop
Adele - Rolling in The Deep,Adele - Rolling in The Deep,130,Adele - Rolling in the Deep,Adele,Rolling in the Deep,2010,Pop
Adele - Someone Like You,Adele - Someone Like You,130,Adele - Someone Like You,Adele,Someone Like You,2011,Pop
Aerosmith - Angel,Aerosmith - Angel,130,Aerosmith - Angel,Aerosmith,Angel,1987,Hard Rock
Aerosmith - Love in an Elevator,Aerosmith - Love in an Elevator,130,Aerosmith - Love In an Elevator,Aerosmith,Love In an Elevator,1989,Rock
Al Green - Lets Stay Together,Al Green - Lets Stay Together,120,Al Green - Let's Stay Together,Al Green,Let's Stay Together,1971,Soul
Alanis Morissette - Ironic,Alanis Morissette - Ironic,130,Alanis Morissette - Ironic,Alanis Morissette,Ironic,1995,Alternative
Alannah Myles - Black Velvet,Alannah Myles - Black Velvet,130,Alannah Myles - Black Velvet,Alannah Myles,Black Velvet,1989,Rock
Alexis Jordan - Happiness,Alexis Jordan - Happiness,130,Alexis Jordan - Happiness,Alexis Jordan,Happiness,2010,Pop
Alice Cooper - Schools out,Alice Cooper - Schools out,120,Alice Cooper - School's Out,Alice Cooper,School's Out,1972,Hard Rock
"Alicia Keys - Empire State of Mind, Pt. 2","Alicia Keys - Empire State of Mind, Pt. 2",125,"Alicia Keys - Empire State of Mind, Pt. 2",Alicia Keys,"Empire State of Mind, Pt. 2",2009,R&B/Soul
Alicia Keys - Girl On Fire,Alicia Keys - Girl On Fire,125,Alicia Keys - Girl On Fire,Alicia Keys,Girl On Fire,2012,R&B/Soul
Alison Moyet - Love Letters,Alison Moyet - Love Letters,130,Alison Moyet - Love Letters,Alison Moyet,Love Letters,1987,Pop
All Saints - Never Ever,All Saints - Never Ever,130,All Saints - Never Ever,All Saints,Never Ever,1997,Dance
Alvin Stardust - My Coo-CaChoo,Alvin Stardust - My Coo-CaChoo,120,Alvin Stardust - My Coo Ca Choo,Alvin Stardust,My Coo Ca Choo,1974,Pop
Ami Stewart - Knock On Wood,Ami Stewart - Knock On Wood,50,Knock On Wood - Amii Stewart,Amii Stewart,Knock On Wood,1978,Soul
Amy Grant - Big Yellow Taxi,Amy Grant - Big Yellow Taxi,130,Amy Grant - Big Yellow Taxi,Amy Grant,Big Yellow Taxi,1994,Christian
Amy Winehouse  - Back To Black,Amy Winehouse - Back To Black,115,Amy Winehouse - Back To Black (Original Demo),Amy Winehouse,Back To Black (Original Demo),2007,R&B/Soul
Andy Williams - Music To Watch Girls By,Andy Williams - Music To Watch Girls By,130,Andy Williams - Music to Watch Girls By,Andy Williams,Music to Watch Girls By,1967,Vocal Pop
Animals - House Of The Rising Sun,Animals - House Of The Rising Sun,120,The Animals - House of the Rising Sun,The Animals,House of the Rising Sun,1963,British Invasion
Aretha Franklin & George Michael - I Knew You Were Waiting,Aretha Franklin & George Michael - I Knew You Were Waiting,115,Aretha Franklin & George Michael - I Knew You Were Waiting (For Me),Aretha Franklin & George Michael,I Knew You Were Waiting (For Me),1986,R&B/Soul
Aretha Franklin - Respect,Aretha Franklin - Respect,130,Aretha Franklin - Respect,Aretha Franklin,Respect,1967,Rock
Aretha Franklin - You Make Me Feel Like A Natural Woman,Aretha Franklin - You Make Me Feel Like A Natural Woman,110,Aretha Franklin - (You Make Me Feel Like) A Natural Woman,Aretha Franklin,(You Make Me Feel Like) A Natural Woman,1967,Soundtrack
Aristocats - Everybody Wants To Be A Cat,Aristocats - Everybody Wants To Be A Cat,55,"Everybody Wants To Be a Cat (From ""The Aristocats"") - Dimie Cat",Dimie Cat,"Everybody Wants To Be a Cat (From ""The Aristocats"")",2014,Dance
Aswad - Don't Turn Around,Aswad - Don't Turn Around,130,Aswad - Don't Turn Around,Aswad,Don't Turn Around,1988,Pop
Atomic Kitten - Whole Again,Atomic Kitten - Whole Again,130,Atomic Kitten - Whole Again,Atomic Kitten,Whole Again,2000,Pop
Avicii - Addicted To You,Avicii - Addicted To You,130,Avicii - Addicted To You,Avicii,Addicted To You,2013,House
Avicii - Waiting For Love,Avicii - Waiting For Love,130,Avicii - Waiting For Love,Avicii,Waiting For Love,2015,Dance
B52's - Love Shack,B52's - Love Shack,120,The B-52's - Love Shack,The B-52's,Love Shack,1989,Pop
Bachman Turner Overdrive - Takin' Care Of Business,Bachman Turner Overdrive - Takin' Care Of Business,130,Bachman-Turner Overdrive - Takin' Care of Business,Bachman-Turner Overdrive,Takin' Care of Business,1973,Rock
Bachman Turner Overdrive - You Aint Seen Nothing Yet,Bachman Turner Overdrive - You Aint Seen Nothing Yet,120,Bachman-Turner Overdrive - You Ain't Seen Nothing Yet,Bachman-Turner Overdrive,You Ain't Seen Nothing Yet,1974,Rock
Backstreet Boys - I Want It That Way,Backstreet Boys - I Want It That Way,130,Backstreet Boys - I Want It That Way,Backstreet Boys,I Want It That Way,1999,Pop
Backstreet Boys - Shape Of My Heart,Backstreet Boys - Shape Of My Heart,130,Backstreet Boys - Shape of My Heart,Backstreet Boys,Shape of My Heart,2000,Pop
Bananarama - Venus,Bananarama - Venus,130,Bananarama - Venus,Bananarama,Venus,1986,Pop
Barbra Streisand - Memory,Barbra Streisand - Memory,130,Barbra Streisand - Memory,Barbra Streisand,Memory,1981,Pop
Barbra Streisand - Woman In Love,Barbra Streisand - Woman In Love,130,Barbra Streisand - Woman In Love,Barbra Streisand,Woman In Love,1980,Vocal
Barry Manilow - Copacabana,Barry Manilow - Copacabana,120,Barry Manilow - Copacabana (At the Copa),Barry Manilow,Copacabana (At the Copa),1978,Easy Listening
Barry Manilow - Mandy,Barry Manilow - Mandy,130,Barry Manilow - Mandy,Barry Manilow,Mandy,1974,Vocal
"Bay City Rollers - Bye, Bye, Baby","Bay City Rollers - Bye, Bye, Baby",120,Bay City Rollers - Bye Bye Baby,Bay City Rollers,Bye Bye Baby,1975,Pop
Beach Boys - Barbara Ann,Beach Boys - Barbara Ann,120,The Beach Boys - Barbara Ann,The Beach Boys,Barbara Ann,1965,Rock
Beach Boys - Help Me Rhonda,Beach Boys - Help Me Rhonda,120,The Beach Boys & Royal Philharmonic Orchestra - Help Me Rhonda,The Beach Boys & Royal Philharmonic Orchestra,Help Me Rhonda,2018,Pop
Beach Boys - Surfin Usa,Beach Boys - Surfin Usa,110,The Beach Boys - Surfin' U.S.A.,The Beach Boys,Surfin' U.S.A.,1963,Rock
Beach Boys - Surfin' USA,Beach Boys - Surfin' USA,110,The Beach Boys - Surfin' U.S.A.,The Beach Boys,Surfin' U.S.A.,1963,Rock
Beatles - Hard Days Night,Beatles - Hard Days Night,110,The Beatles - A Hard Day's Night,The Beatles,A Hard Day's Night,1964,Rock
Beatles - I Saw Her Standing There,Beatles - I Saw Her Standing There,120,The Beatles - I Saw Her Standing There,The Beatles,I Saw Her Standing There,1963,Rock
Beatles - Twist & Shout,Beatles - Twist & Shout,110,The Beatles - Twist and Shout,The Beatles,Twist and Shout,1963,Rock
Beautiful South - Perfect 10,Beautiful South - Perfect 10,120,The Beautiful South - Perfect 10,The Beautiful South,Perfect 10,1998,Alternative
Belinda Carlisle - Circle In The Sand,Belinda Carlisle - Circle In The Sand,130,Belinda Carlisle - Circle In the Sand,Belinda Carlisle,Circle In the Sand,1987,Rock
Belinda Carlisle - Heaven Is A Place On Earth,Belinda Carlisle - Heaven Is A Place On Earth,130,Belinda Carlisle - Heaven is a Place on Earth,Belinda Carlisle,Heaven is a Place on Earth,1987,Pop
Berlin - Take My Breath Away,Berlin - Take My Breath Away,130,Berlin - Take My Breath Away,Berlin,Take My Breath Away,1986,Rock
Bette Midle - Wind Beneath My Wings,Bette Midle - Wind Beneath My Wings,120,Bette Midler - Wind Beneath My Wings,Bette Midler,Wind Beneath My Wings,1988,Vocal
Bette Midler - Boogie Woogie Bugle Boy,Bette Midler - Boogie Woogie Bugle Boy,130,Bette Midler - Boogie Woogie Bugle Boy,Bette Midler,Boogie Woogie Bugle Boy,1972,Vocal
Big Bopper - Chantilly Lace,Big Bopper - Chantilly Lace,120,The Big Bopper - Chantilly Lace,The Big Bopper,Chantilly Lace,1958,Rock
Big Joe Turner  - Shake Rattle & Roll,Big Joe Turner - Shake Rattle & Roll,120,"Big Joe Turner - Shake, Rattle & Roll",Big Joe Turner,"Shake, Rattle & Roll",1954,Blues
Bill Haley - Rock Around the Clock,Bill Haley - Rock Around the Clock,130,Bill Haley - Rock Around the Clock,Bill Haley,Rock Around the Clock,2011,German Pop
Billy Idol - White Wedding,Billy Idol - White Wedding,120,"Billy Idol - White Wedding, Pt. 1",Billy Idol,"White Wedding, Pt. 1",1982,Rock
Billy Ocean - When the Going Gets Tough,Billy Ocean - When the Going Gets Tough,120,"Billy Ocean - When the Going Gets Tough, The Tough Get Going",Billy Ocean,"When the Going Gets Tough, The Tough Get Going",1985,Pop
Black - Wonderful Life,Black - Wonderful Life,130,BLACK - Wonderful Life,BLACK,Wonderful Life,1986,Rock
Black Eyed Peas - Meet Me Halfway,Black Eyed Peas - Meet Me Halfway,130,Black Eyed Peas - Meet Me Halfway,Black Eyed Peas,Meet Me Halfway,2009,Pop
Black Eyed Peas - Pump It,Black Eyed Peas - Pump It,110,Tiësto & Black Eyed Peas - Pump It Louder,Tiësto & Black Eyed Peas,Pump It Louder,2022,Dance
Blondie - Atomic,Blondie - Atomic,130,Blondie - Atomic,Blondie,Atomic,1979,Rock
Blondie - Heart Of Glass,Blondie - Heart Of Glass,130,Blondie - Heart of Glass,Blondie,Heart of Glass,1978,Pop
Blondie - One Way Or Another,Blondie - One Way Or Another,130,Blondie - One Way or Another,Blondie,One Way or Another,1978,Rock
Blondie - The Tide Is High,Blondie - The Tide Is High,130,Blondie - The Tide Is High,Blondie,The Tide Is High,1980,Pop
Bluebells - Young At Heart,Bluebells - Young At Heart,120,The Bluebells - Young at Heart,The Bluebells,Young at Heart,1984,Pop
Blues Brothers - Everybody Needs Somebody,Blues Brothers - Everybody Needs Somebody,110,The Blues Brothers - Everybody Needs Somebody to Love,The Blues Brothers,Everybody Needs Somebody to Love,1990,Soundtrack
Bob Marley - Is This Love,Bob Marley - Is This Love,120,Bob Marley & The Wailers - Is This Love,Bob Marley & The Wailers,Is This Love,1978,Reggae
Bob Seger - Old Time Rock N Roll,Bob Seger - Old Time Rock N Roll,110,Bob Seger & The Silver Bullet Band - Old Time Rock & Roll,Bob Seger & The Silver Bullet Band,Old Time Rock & Roll,1978,Rock
Bobby Boris Pickett - Monster Mash,Bobby Boris Pickett - Monster Mash,130,"Bobby ""Boris"" Pickett - Monster Mash","Bobby ""Boris"" Pickett",Monster Mash,1962,Halloween
Bobby Darin - Mack The Knife,Bobby Darin - Mack The Knife,130,Bobby Darin - Mack the Knife,Bobby Darin,Mack the Knife,1959,Pop
Bobby Darin - Splish Splash,Bobby Darin - Splish Splash,130,Bobby Darin - Splish Splash,Bobby Darin,Splish Splash,1958,Pop
Bobby Day - Rockin' Robin,Bobby Day - Rockin' Robin,130,Bobby Day - Rockin' Robin,Bobby Day,Rockin' Robin,1958,Rock
Bon Jovi - It's My Life,Bon Jovi - It's My Life,130,Bon Jovi - It's My Life,Bon Jovi,It's My Life,2000,Pop
Bon Jovi - Livin' on a Prayer,Bon Jovi - Livin' on a Prayer,130,Bon Jovi - Livin' On a Prayer,Bon Jovi,Livin' On a Prayer,1986,Hard Rock
Bon Jovi - You Give Love A Bad Name,Bon Jovi - You Give Love A Bad Name,130,Bon Jovi - You Give Love a Bad Name,Bon Jovi,You Give Love a Bad Name,1986,Hard Rock
Bonnie Tyler - Holding Out For A Hero,Bonnie Tyler - Holding Out For A Hero,130,Bonnie Tyler - Holding Out for a Hero,Bonnie Tyler,Holding Out for a Hero,1984,Soundtrack
Boston - More Than A Feeling,Boston - More Than A Feeling,130,Boston - More Than a Feeling,Boston,More Than a Feeling,1976,Rock
Brian Hyland - Itsy Bitsy Teeny Weenie Yellow Polka Dot Bikini,Brian Hyland - Itsy Bitsy Teeny Weenie Yellow Polka Dot Bikini,120,Brian Hyland - Itsy Bitsy Teenie Weenie Yellow Polka Dot Bikini,Brian Hyland,Itsy Bitsy Teenie Weenie Yellow Polka Dot Bikini,1959,Rock
Britney Spears - Overprotected,Britney Spears - Overprotected,130,Britney Spears - Overprotected,Britney Spears,Overprotected,2001,Pop
Bruce Springsteen - Born In The U.S.A.,Bruce Springsteen - Born In The U.S.A.,130,Bruce Springsteen - Born In the U.S.A.,Bruce Springsteen,Born In the U.S.A.,1984,Rock
Bryan Adams - Inside Out,Bryan Adams - Inside Out,130,Bryan Adams - Inside Out,Bryan Adams,Inside Out,1998,Rock
Bryan Adams - Run To You,Bryan Adams - Run To You,130,Bryan Adams - Run To You,Bryan Adams,Run To You,1984,Rock
Bryan Adams - Summer of '69,Bryan Adams - Summer of '69,130,Bryan Adams - Summer Of '69,Bryan Adams,Summer Of '69,1983,Rock
Bucks Fizz - Making Your Mind Up,Bucks Fizz - Making Your Mind Up,130,Bucks Fizz - Making Your Mind Up,Bucks Fizz,Making Your Mind Up,1981,Pop
"Buster Poindexter - Hot, Hot, Hot","Buster Poindexter - Hot, Hot, Hot",110,Buster Poindexter & His Banshees of Blue - Hot Hot Hot,Buster Poindexter & His Banshees of Blue,Hot Hot Hot,1987,Swing
CAKE - I Will Survive---1ZBYTDnv1VM,CAKE - I Will Survive,130,CAKE - I Will Survive,CAKE,I Will Survive,1996,Rock
CNCO - Reggaetón Lento,CNCO - Reggaetón Lento,120,CNCO - Reggaetón Lento (Bailemos),CNCO,Reggaetón Lento (Bailemos),2016,Pop Latino
"Calvin Harris, Pharrell And Katy Perry - Feels","Calvin Harris, Pharrell And Katy Perry - Feels",70,Calvin Harris - Feel So Close (Radio Edit),Calvin Harris,Feel So Close (Radio Edit),2011,Dance
Cannibal & The Headhunters - Land Of 1000 Dances,Cannibal & The Headhunters - Land Of 1000 Dances,130,Cannibal & The Headhunters - Land of 1000 Dances,Cannibal & The Headhunters,Land of 1000 Dances,2005,Rock
Cars - Drive,Cars - Drive,120,The Cars - Drive,The Cars,Drive,1984,Rock
Catatonia - Londinium,Catatonia - Londinium,130,Catatonia - Londinium,Catatonia,Londinium,1998,Pop
Cee Lo Green - Forget You,Cee Lo Green - Forget You,120,CeeLo Green - Forget You,CeeLo Green,Forget You,2010,Alternative
Charlie Puth - How Long,Charlie Puth - How Long,130,Charlie Puth - How Long,Charlie Puth,How Long,2017,Pop
Charlie Puth - Marvin Gaye,Charlie Puth - Marvin Gaye,120,Charlie Puth - Marvin Gaye (feat. Meghan Trainor),Charlie Puth,Marvin Gaye (feat. Meghan Trainor),2015,Pop
Cher - Believe,Cher - Believe,130,Cher - Believe,Cher,Believe,1998,Pop
Cher - If I Could Turn Back Time,Cher - If I Could Turn Back Time,130,Cher - If I Could Turn Back Time,Cher,If I Could Turn Back Time,1989,Pop
Cher - Just Like Jesse James,Cher - Just Like Jesse James,130,Cher - Just Like Jesse James,Cher,Just Like Jesse James,1989,Pop
Cher - Strong Enough,Cher - Strong Enough,130,Cher - Strong Enough,Cher,Strong Enough,1998,Pop
Cher - The Shoop Shoop Song,Cher - The Shoop Shoop Song,120,Cher - The Shoop Shoop Song (It's In His Kiss),Cher,The Shoop Shoop Song (It's In His Kiss),1990,Pop
Cher - Walking In Memphis,Cher - Walking In Memphis,130,Cher - Walking In Memphis,Cher,Walking In Memphis,1995,Pop
Cheryl Cole - Fight For This Love,Cheryl Cole - Fight For This Love,120,Cheryl - Fight for This Love,Cheryl,Fight for This Love,2009,Pop
Chris De Burgh - Lady In Red,Chris De Burgh - Lady In Red,130,Chris de Burgh - Lady In Red,Chris de Burgh,Lady In Red,1984,Soundtrack
Chubby Checker - The Twist,Chubby Checker - The Twist,130,Chubby Checker - The Twist,Chubby Checker,The Twist,2007,Holiday
Chuck Berry - Johnny B. Goode,Chuck Berry - Johnny B. Goode,130,Chuck Berry - Johnny B. Goode,Chuck Berry,Johnny B. Goode,1955,Blues
Cilla Black - Anyone Who Had A Heart,Cilla Black - Anyone Who Had A Heart,130,Cilla Black - Anyone Who Had a Heart,Cilla Black,Anyone Who Had a Heart,1964,Pop
Clean Bandit - Real Love,Clean Bandit - Real Love,120,Clean Bandit & Jess Glynne - Real Love,Clean Bandit & Jess Glynne,Real Love,2014,Dance
Cliff Richard - Summer Holiday,Cliff Richard - Summer Holiday,130,Cliff Richard - Summer Holiday,Cliff Richard,Summer Holiday,1990,Pop
Coasters - Charlie Brown,Coasters - Charlie Brown,115,The Coasters - Charlie Brown,The Coasters,Charlie Brown,1959,R&B/Soul
Cold Chisel - Flame Trees,Cold Chisel - Flame Trees,130,Cold Chisel - Flame Trees,Cold Chisel,Flame Trees,1984,Rock
Coldplay - Paradise,Coldplay - Paradise,130,Coldplay - Paradise,Coldplay,Paradise,2011,Alternative
Coldplay - Something Just Like This,Coldplay - Something Just Like This,120,The Chainsmokers & Coldplay - Something Just Like This,The Chainsmokers & Coldplay,Something Just Like This,2017,Dance
Coldplay - Yellow,Coldplay - Yellow,130,Coldplay - Yellow,Coldplay,Yellow,2000,Alternative
"Commodores, The - Three Times A Lady","Commodores, The - Three Times A Lady",120,The Commodores - Three Times a Lady,The Commodores,Three Times a Lady,1978,Soul
Communards - Don't Leave Me This Way,Communards - Don't Leave Me This Way,110,The Communards - Don't Leave Me This Way (with Sarah Jane Morris),The Communards,Don't Leave Me This Way (with Sarah Jane Morris),1986,Pop
Contours - Do You Love Me,Contours - Do You Love Me,120,The Contours - Do You Love Me,The Contours,Do You Love Me,1962,Soundtrack
Corrs - Dreams,Corrs - Dreams,120,The Corrs - Dreams,The Corrs,Dreams,1997,Pop
Cory Monteith - Lea Michele - Don't Stop Believing,Cory Monteith - Lea Michele - Don't Stop Believing,40,Don't Stop Believin' - Glee Cast,Glee Cast,Don't Stop Believin',2009,Pop
Craig David - Heartline,Craig David - Heartline,125,Craig David - Heartline,Craig David,Heartline,2017,R&B/Soul
"Cranberries, The - Zombie","Cranberries, The - Zombie",120,The Cranberries - Zombie,The Cranberries,Zombie,1994,Rock
Creedence Clearwater Revival - Proud Mary,Creedence Clearwater Revival - Proud Mary,130,Creedence Clearwater Revival - Proud Mary,Creedence Clearwater Revival,Proud Mary,1968,Rock
Crew Cuts - Sh-Boom,Crew Cuts - Sh-Boom,120,The Crew Cuts - Sh-Boom,The Crew Cuts,Sh-Boom,1996,Pop
Culture Club - Do You Really Want To Hurt Me,Culture Club - Do You Really Want To Hurt Me,130,Culture Club - Do You Really Want to Hurt Me,Culture Club,Do You Really Want to Hurt Me,1982,Pop
Cutting Crew - (I Just) Died In Your Arms,Cutting Crew - (I Just) Died In Your Arms,120,Cutting Crew - (I Just) Died in Your Arms,Cutting Crew,(I Just) Died in Your Arms,1986,Rock
Cyndi Lauper - Girls Just Wanna Have Fun,Cyndi Lauper - Girls Just Wanna Have Fun,130,Cyndi Lauper - Girls Just Wanna Have Fun,Cyndi Lauper,Girls Just Wanna Have Fun,1983,Pop
Cyndi Lauper - Time After Time,Cyndi Lauper - Time After Time,130,Cyndi Lauper - Time After Time,Cyndi Lauper,Time After Time,1984,Pop
Cyndi Lauper - True Colours,Cyndi Lauper - True Colours,50,Cyndi Lauper - True Colors,Cyndi Lauper,True Colors,1986,Pop
Céline Dion - All By Myself,Céline Dion - All By Myself,130,Céline Dion - All By Myself,Céline Dion,All By Myself,1996,Pop
Céline Dion - Think Twice,Céline Dion - Think Twice,130,Céline Dion - Think Twice,Céline Dion,Think Twice,1993,Pop
Daft Punk - Get Lucky,Daft Punk - Get Lucky,120,"Daft Punk, Pharrell Williams & Nile Rodgers - Get Lucky","Daft Punk, Pharrell Williams & Nile Rodgers",Get Lucky,2013,Pop
Danny & The Juniors - At The Hop,Danny & The Juniors - At The Hop,130,Danny & The Juniors - At the Hop,Danny & The Juniors,At the Hop,2001,Pop
David Allan Coe - You Never Even Called Me By My Name,David Allan Coe - You Never Even Called Me By My Name,130,David Allan Coe - You Never Even Called Me by My Name,David Allan Coe,You Never Even Called Me by My Name,1974,Country
David Bowie - Absolute Beginners,David Bowie - Absolute Beginners,130,David Bowie - Absolute Beginners,David Bowie,Absolute Beginners,2018,Pop
David Bowie - Ashes To Ashes,David Bowie - Ashes To Ashes,130,David Bowie - Ashes to Ashes,David Bowie,Ashes to Ashes,1980,Pop
David Bowie - China Girl,David Bowie - China Girl,130,David Bowie - China Girl,David Bowie,China Girl,1983,Pop
David Bowie - Dancing In The Street,David Bowie - Dancing In The Street,120,David Bowie & Mick Jagger - Dancing In the Street,David Bowie & Mick Jagger,Dancing In the Street,1985,Rock
David Bowie - Let's Dance,David Bowie - Let's Dance,130,David Bowie - Let's Dance,David Bowie,Let's Dance,1983,Pop
David Bowie - Life On Mars,David Bowie - Life On Mars,120,David Bowie - Life On Mars?,David Bowie,Life On Mars?,1971,Rock
David Essex - Gonna Make You A Star,David Essex - Gonna Make You A Star,130,David Essex - Gonna Make You a Star,David Essex,Gonna Make You a Star,1974,Pop
David Guetta Ft Sia And Fetty Wap - Bang My Head,David Guetta Ft Sia And Fetty Wap - Bang My Head,135,David Guetta - Bang My Head (feat. Sia & Fetty Wap),David Guetta,Bang My Head (feat. Sia & Fetty Wap),2014,Dance
Dead Or Alive - You Spin Me Around,Dead Or Alive - You Spin Me Around,110,Dead or Alive - You Spin Me Round (Like a Record),Dead or Alive,You Spin Me Round (Like a Record),1984,Pop
Dean Martin - Volare,Dean Martin - Volare,130,Dean Martin - Volare,Dean Martin,Volare,1958,Pop
Demi Lovato - Cool for the Summer,Demi Lovato - Cool for the Summer,130,Demi Lovato - Cool for the Summer,Demi Lovato,Cool for the Summer,2015,Pop
Depeche Mode - Just Can't Get Enough,Depeche Mode - Just Can't Get Enough,130,Depeche Mode - Just Can't Get Enough,Depeche Mode,Just Can't Get Enough,1981,Pop
Destiny's Child - Bills Bills Bills,Destiny's Child - Bills Bills Bills,115,"Destiny's Child - Bills, Bills, Bills",Destiny's Child,"Bills, Bills, Bills",1999,R&B/Soul
Destinys Child - Survivor,Destinys Child - Survivor,120,Destiny's Child - Survivor,Destiny's Child,Survivor,2001,Worldwide
Dexy's Midnight Runners - Come On Eileen,Dexy's Midnight Runners - Come On Eileen,120,Dexys Midnight Runners - Come On Eileen,Dexys Midnight Runners,Come On Eileen,1982,Pop
Diana Ross & Lionel Richie - Endless Love,Diana Ross & Lionel Richie - Endless Love,120,Lionel Richie & Diana Ross - Endless Love,Lionel Richie & Diana Ross,Endless Love,1981,Soundtrack
Diana Ross - Ain't No Mountain High Enough,Diana Ross - Ain't No Mountain High Enough,130,Diana Ross - Ain't No Mountain High Enough,Diana Ross,Ain't No Mountain High Enough,1970,Soundtrack
Dido - White Flag,Dido - White Flag,130,Dido - White Flag,Dido,White Flag,2003,Pop
Dina Carrol - Without Love,Dina Carrol - Without Love,110,Dina Carroll - Without Love (Mood II Swing Special Mix),Dina Carroll,Without Love (Mood II Swing Special Mix),1999,Pop
Dion & The Belmonts - Runaround Sue,Dion & The Belmonts - Runaround Sue,130,Dion & The Belmonts - Runaround Sue,Dion & The Belmonts,Runaround Sue,1996,Pop
Dion & The Belmonts - The Wanderer,Dion & The Belmonts - The Wanderer,130,Dion & The Belmonts - The Wanderer,Dion & The Belmonts,The Wanderer,1987,Pop
Dionne Warwick - I say a Little Prayer,Dionne Warwick - I say a Little Prayer,130,Dionne Warwick - I Say a Little Prayer,Dionne Warwick,I Say a Little Prayer,1967,Pop
Dire Straits - Sultains Of Swing,Dire Straits - Sultains Of Swing,50,Dire Straits - Sultans of Swing,Dire Straits,Sultans of Swing,1978,Rock
Dolly Parton -  DIVORCE,Dolly Parton - DIVORCE,120,Dolly Parton - D.I.V.O.R.C.E.,Dolly Parton,D.I.V.O.R.C.E.,1969,Country
Dolly Parton - 9 To 5,Dolly Parton - 9 To 5,130,Dolly Parton - 9 to 5,Dolly Parton,9 to 5,1980,Country
Dolly Parton - Jolene,Dolly Parton - Jolene,130,Dolly Parton - Jolene,Dolly Parton,Jolene,1973,Country
Don McLean - American Pie,Don McLean - American Pie,130,Don Mclean - American Pie,Don Mclean,American Pie,1971,Pop
Donna Summer - Hot Stuff,Donna Summer - Hot Stuff,130,Donna Summer - Hot Stuff,Donna Summer,Hot Stuff,1979,Disco
Donny Osmond - Puppy Love,Donny Osmond - Puppy Love,130,Donny Osmond - Puppy Love,Donny Osmond,Puppy Love,2000,Classical
Donny Osmond - Young Love,Donny Osmond - Young Love,130,Donny Osmond - Young Love,Donny Osmond,Young Love,1973,Pop
Doobie Brothers - Long Train Runnin,Doobie Brothers - Long Train Runnin,110,The Doobie Brothers - Long Train Runnin',The Doobie Brothers,Long Train Runnin',1973,Rock
Dr Hook - A Little Bit More,Dr Hook - A Little Bit More,130,Dr. Hook - A Little Bit More,Dr. Hook,A Little Bit More,1976,Rock
Drake - Hotline Bling,Drake - Hotline Bling,125,Drake - Hotline Bling,Drake,Hotline Bling,2015,Hip-Hop/Rap
Drake Ft Rihanna And Popcaan - Too Good,Drake Ft Rihanna And Popcaan - Too Good,115,Drake - Too Good (feat. Rihanna),Drake,Too Good (feat. Rihanna),2016,Hip-Hop/Rap
Drifters - Kissing In The Back Row Of The Movies,Drifters - Kissing In The Back Row Of The Movies,105,The Drifters - Kissing in the Back Row,The Drifters,Kissing in the Back Row,2006,R&B/Soul
Drifters - Under The Boardwalk,Drifters - Under The Boardwalk,120,The Drifters - Under the Boardwalk,The Drifters,Under the Boardwalk,1963,Rock
Duran Duran - Girls On Film,Duran Duran - Girls On Film,130,Duran Duran - Girls On Film,Duran Duran,Girls On Film,1981,New Wave
Duran Duran - Hungry Like The Wolf,Duran Duran - Hungry Like The Wolf,130,Duran Duran - Hungry Like the Wolf,Duran Duran,Hungry Like the Wolf,1982,New Wave
Duran Duran - Rio,Duran Duran - Rio,130,Duran Duran - Rio,Duran Duran,Rio,1982,New Wave
Dusty Springfield - Son Of A Preacher Man,Dusty Springfield - Son Of A Preacher Man,130,Dusty Springfield - Son of a Preacher Man,Dusty Springfield,Son of a Preacher Man,1968,Pop
Dwight Yoakam - Crazy Little Thing Called Love,Dwight Yoakam - Crazy Little Thing Called Love,130,Dwight Yoakam - Crazy Little Thing Called Love,Dwight Yoakam,Crazy Little Thing Called Love,1999,Country
Eagles - Take It Easy,Eagles - Take It Easy,130,Eagles - Take It Easy,Eagles,Take It Easy,1972,Rock
Earth Wind & Fire - Boogie Wonderland,Earth Wind & Fire - Boogie Wonderland,130,"Earth, Wind & Fire - Boogie Wonderland","Earth, Wind & Fire",Boogie Wonderland,1979,Soundtrack
Ed Sheeran - Castle on the hill,Ed Sheeran - Castle on the hill,130,Ed Sheeran - Castle on the Hill,Ed Sheeran,Castle on the Hill,2017,Pop
Ed Sheeran - Eraser,Ed Sheeran - Eraser,130,Ed Sheeran - Eraser,Ed Sheeran,Eraser,2017,Pop
Ed Sheeran - I See Fire,Ed Sheeran - I See Fire,130,Ed Sheeran - I See Fire,Ed Sheeran,I See Fire,2013,Soundtrack
Ed Sheeran - Thinking Out Loud,Ed Sheeran - Thinking Out Loud,130,Ed Sheeran - Thinking Out Loud,Ed Sheeran,Thinking Out Loud,2014,Pop
Ed Sheeran - What Do I Know,Ed Sheeran - What Do I Know,120,Ed Sheeran - What Do I Know?,Ed Sheeran,What Do I Know?,2017,Pop
Eddie Cochran - Summertime Blues,Eddie Cochran - Summertime Blues,130,Eddie Cochran - Summertime Blues,Eddie Cochran,Summertime Blues,1958,Rock
Eddie Grant - I Don't Wanna Dance,Eddie Grant - I Don't Wanna Dance,55,I Don't Wanna Dance (In the Style of Eddie Grant) - Karaoke All-Stars,Karaoke All-Stars,I Don't Wanna Dance (In the Style of Eddie Grant),2007,Karaoke
Ella Henderson - Ghost,Ella Henderson - Ghost,130,Ella Henderson - Ghost,Ella Henderson,Ghost,2014,Pop
Ellie Goulding - Army,Ellie Goulding - Army,130,Ellie Goulding - Army,Ellie Goulding,Army,2015,Pop
Ellie Goulding - How Long Will I Love You,Ellie Goulding - How Long Will I Love You,130,Ellie Goulding - How Long Will I Love You,Ellie Goulding,How Long Will I Love You,2013,Soundtrack
Elton John & Kiki Dee - Don't Go Breaking My Heart,Elton John & Kiki Dee - Don't Go Breaking My Heart,130,Elton John & Kiki Dee - Don't Go Breaking My Heart,Elton John & Kiki Dee,Don't Go Breaking My Heart,1976,Rock
Elton John - Crocodile Rock,Elton John - Crocodile Rock,130,Elton John - Crocodile Rock,Elton John,Crocodile Rock,1972,Pop
Elton John - Don't Let the Sun Go Down On Me,Elton John - Don't Let the Sun Go Down On Me,130,Elton John - Don't Let the Sun Go Down On Me,Elton John,Don't Let the Sun Go Down On Me,1974,Pop
Elton John - Rocket Man,Elton John - Rocket Man,120,Elton John - Rocket Man (I Think It's Going to Be a Long Long Time),Elton John,Rocket Man (I Think It's Going to Be a Long Long Time),1972,Pop
Elton John - Your Song,Elton John - Your Song,130,Elton John - Your Song,Elton John,Your Song,1970,Pop
Elvis Costello & The Attractions - Olivers Army,Elvis Costello & The Attractions - Olivers Army,90,Elvis Costello & The Attractions - Oliver's Army,Elvis Costello & The Attractions,Oliver's Army,1979,Pop
Elvis Presley - Hound Dog,Elvis Presley - Hound Dog,130,Elvis Presley - Hound Dog,Elvis Presley,Hound Dog,1956,Rock
Elvis Presley - Jailhouse Rock,Elvis Presley - Jailhouse Rock,130,Elvis Presley - Jailhouse Rock,Elvis Presley,Jailhouse Rock,1957,Rock
Elvis Presley - Return To Sender,Elvis Presley - Return To Sender,130,Elvis Presley - Return to Sender,Elvis Presley,Return to Sender,1962,Rock
Elvis Presley - Suspicious Minds,Elvis Presley - Suspicious Minds,130,Elvis Presley - Suspicious Minds,Elvis Presley,Suspicious Minds,1969,Rock
Emeli Sandé - Clown,Emeli Sandé - Clown,130,Emeli Sandé - Clown,Emeli Sandé,Clown,2012,Pop
Eric Carmen - Hungry Eyes,Eric Carmen - Hungry Eyes,130,Eric Carmen - Hungry Eyes,Eric Carmen,Hungry Eyes,1987,Soundtrack
Etta James - At Last,Etta James - At Last,130,Etta James - At Last,Etta James,At Last,1960,Blues
Europe - The Final Countdown,Europe - The Final Countdown,130,Europe - The Final Countdown,Europe,The Final Countdown,1986,Hard Rock
Eva Cassidy - Over the Rainbow,Eva Cassidy - Over the Rainbow,130,Eva Cassidy - Over The Rainbow,Eva Cassidy,Over The Rainbow,1998,Adult Contemporary
Everly Brothers - Wake Up Little Susie,Everly Brothers - Wake Up Little Susie,120,The Everly Brothers - Wake Up Little Susie,The Everly Brothers,Wake Up Little Susie,1958,Pop
Fairground Attraction - Perfect,Fairground Attraction - Perfect,130,Fairground Attraction - Perfect,Fairground Attraction,Perfect,1988,Pop
Fats Domino - Blueberry Hill,Fats Domino - Blueberry Hill,130,Fats Domino - Blueberry Hill,Fats Domino,Blueberry Hill,1959,Blues
Fernando - KARAOKE VERSION - as popularized by ABBA-----3TDAUh4dE,Fernando - ABBA,130,Fernando - ABBA,ABBA,Fernando,1976,Pop
Five - If You're Getting Down,Five - If You're Getting Down,50,Five - If Ya Gettin' Down,Five,If Ya Gettin' Down,1999,Pop
Flo Rida - Whistle,Flo Rida - Whistle,130,Flo Rida - Whistle,Flo Rida,Whistle,2012,Electronic
Foreigner - I Want to Know What Love Is,Foreigner - I Want to Know What Love Is,130,Foreigner - I Want to Know What Love Is,Foreigner,I Want to Know What Love Is,1984,Rock
Foundations - Build Me Up Buttercup,Foundations - Build Me Up Buttercup,120,The Foundations - Build Me Up Buttercup,The Foundations,Build Me Up Buttercup,1967,Pop
"Four Tops - I Can't Help Myself (Sugar Pie, Honey Bunch)",Four Tops - I Can't Help Myself,120,"Four Tops - I Can't Help Myself (Sugar Pie, Honey Bunch)",Four Tops,"I Can't Help Myself (Sugar Pie, Honey Bunch)",1965,Pop
Frank Sinatra - My Way,Frank Sinatra - My Way,130,Frank Sinatra - My Way,Frank Sinatra,My Way,1969,Jazz
"Frank Sinatra - New York, New York","Frank Sinatra - New York, New York",120,"Frank Sinatra - Theme From New York, New York",Frank Sinatra,"Theme From New York, New York",1980,Jazz
Frankie Goes To Hollywood - Power Of Love,Frankie Goes To Hollywood - Power Of Love,120,Frankie Goes to Hollywood - The Power Of Love,Frankie Goes to Hollywood,The Power Of Love,1984,Pop
Frankie Goes To Hollywood - Relax,Frankie Goes To Hollywood - Relax,130,Frankie Goes to Hollywood - Relax,Frankie Goes to Hollywood,Relax,1983,Pop
Gabrielle - Dreams,Gabrielle - Dreams,130,Gabrielle - Dreams,Gabrielle,Dreams,1999,Pop
Gary Barlow - Let me Go,Gary Barlow - Let me Go,130,Gary Barlow - Let Me Go,Gary Barlow,Let Me Go,2013,Pop
George Ezra - Budapest,George Ezra - Budapest,130,George Ezra - Budapest,George Ezra,Budapest,2013,Pop
George Ezra - Dont Matter Now,George Ezra - Dont Matter Now,115,George Ezra - Don't Matter Now,George Ezra,Don't Matter Now,2017,Singer/Songwriter
George Michael - Amazing,George Michael - Amazing,130,George Michael - Amazing,George Michael,Amazing,2004,Pop
George Michael - Careless Wisper,George Michael - Careless Wisper,50,George Michael - Careless Whisper,George Michael,Careless Whisper,1984,Pop
George Michael - Faith,George Michael - Faith,130,George Michael - Faith,George Michael,Faith,1987,Pop
Geri Halliwell - Mi Chico Latino,Geri Halliwell - Mi Chico Latino,130,Geri Halliwell - Mi Chico Latino,Geri Halliwell,Mi Chico Latino,1999,Pop
Girls Aloud - The Promise,Girls Aloud - The Promise,130,Girls Aloud - The Promise,Girls Aloud,The Promise,2008,Pop
Glenn Frey - The Heat Is On,Glenn Frey - The Heat Is On,130,Glenn Frey - The Heat Is On,Glenn Frey,The Heat Is On,1984,Soundtrack
Gloria Gaynor - I Am What I Am,Gloria Gaynor - I Am What I Am,130,Gloria Gaynor - I Am What I Am,Gloria Gaynor,I Am What I Am,2008,Adult Contemporary
Gloria Gaynor - I Will Survive,Gloria Gaynor - I Will Survive,130,Gloria Gaynor - I Will Survive,Gloria Gaynor,I Will Survive,1978,Pop
Gnarls Barkley - Crazy,Gnarls Barkley - Crazy,130,Gnarls Barkley - Crazy,Gnarls Barkley,Crazy,2005,Alternative
Go West - We Close Our Eyes,Go West - We Close Our Eyes,130,Go West - We Close Our Eyes,Go West,We Close Our Eyes,1985,Pop
"Grease - Look At Me, I'm Sandra Dee","Grease - Look At Me, I'm Sandra Dee",50,"Look at Me, I'm Sandra Dee - Stockard Channing",Stockard Channing,"Look at Me, I'm Sandra Dee",1978,Musicals
Guns N' Roses - Knockin On Heavens Door,Guns N' Roses - Knockin On Heavens Door,120,Guns N' Roses - Knockin' On Heaven's Door,Guns N' Roses,Knockin' On Heaven's Door,1991,Rock
Harry Belafonte - Day O (The Banana Boat Song),Harry Belafonte - Day O,110,Harry Belafonte - Day-O (The Banana Boat Song),Harry Belafonte,Day-O (The Banana Boat Song),1956,Folk
Heaven 17 - Temptation,Heaven 17 - Temptation,130,Heaven 17 - Temptation,Heaven 17,Temptation,1983,Pop
Herman's Hermits - I'm Henry The VIII I Am,Herman's Hermits - I'm Henry The VIII I Am,130,Herman's Hermits - I'm Henry the VIII I Am,Herman's Hermits,I'm Henry the VIII I Am,2007,Pop
Hozier - Take Me To Church,Hozier - Take Me To Church,130,Hozier - Take Me to Church,Hozier,Take Me to Church,2013,Alternative
Huey Lewis And The News - The Power Of Love,Huey Lewis And The News - The Power Of Love,130,Huey Lewis & The News - The Power of Love,Huey Lewis & The News,The Power of Love,1985,Rock
Human League - Don't You Want Me Baby,Human League - Don't You Want Me Baby,110,The Human League - Don't You Want Me,The Human League,Don't You Want Me,1981,Pop
Human League - Electric Dreams,Human League - Electric Dreams,110,The Human League - Together In Electric Dreams,The Human League,Together In Electric Dreams,1984,Pop
INXS - Need You Tonight,INXS - Need You Tonight,130,INXS - Need You Tonight,INXS,Need You Tonight,1987,Rock
INXS - Never Tear Us Apart,INXS - Never Tear Us Apart,130,INXS - Never Tear Us Apart,INXS,Never Tear Us Apart,1987,Pop
Idina Menzel - Let it Go (Frozen),Idina Menzel - Let it Go,130,Idina Menzel - Let It Go,Idina Menzel,Let It Go,2013,Musicals
Imagine Dragons - Radioactive,Imagine Dragons - Radioactive,130,Imagine Dragons - Radioactive,Imagine Dragons,Radioactive,2012,Alternative
Irene Cara - Fame,Irene Cara - Fame,130,Irene Cara - Fame,Irene Cara,Fame,1980,Soundtrack
Irene Cara - Flashdance (What A Feeling),Irene Cara - Flashdance,120,Irene Cara - Flashdance (What a Feeling),Irene Cara,Flashdance (What a Feeling),1983,Pop
JLS - Everybody in Love,JLS - Everybody in Love,130,JLS - Everybody In Love,JLS,Everybody In Love,2009,Pop
Jack Savoretti - Catapult,Jack Savoretti - Catapult,125,Jack Savoretti - Catapult,Jack Savoretti,Catapult,2014,Singer/Songwriter
Jackson 5 - I want you back,Jackson 5 - I want you back,130,Jackson 5 - I Want You Back,Jackson 5,I Want You Back,1969,Soundtrack
Jam - Going Underground,Jam - Going Underground,120,The Jam - Going Underground,The Jam,Going Underground,1979,Rock
James Arthur - Safe inside,James Arthur - Safe inside,130,James Arthur - Safe Inside,James Arthur,Safe Inside,2016,Pop
James Bay - Hold Back The River,James Bay - Hold Back The River,130,James Bay - Hold Back the River,James Bay,Hold Back the River,2014,Alternative
James Brown - I Got You (I Feel Good),James Brown - I Got You,120,James Brown - I Got You (I Feel Good),James Brown,I Got You (I Feel Good),1964,Pop
James Brown - Sex Machine,James Brown - Sex Machine,120,James Brown - Sex Machine (Part 1 And 2),James Brown,Sex Machine (Part 1 And 2),1970,Funk
James Morrison & Nelly Furtado - Broken Strings,James Morrison & Nelly Furtado - Broken Strings,125,James Morrison - Broken Strings (feat. Nelly Furtado),James Morrison,Broken Strings (feat. Nelly Furtado),2008,Rock
James Taylor - You Got a Friend,James Taylor - You Got a Friend,115,James Taylor - You've Got a Friend,James Taylor,You've Got a Friend,1971,Singer/Songwriter
Jason Derulo - If Im Lucky,Jason Derulo - If Im Lucky,120,Jason Derulo - If I'm Lucky,Jason Derulo,If I'm Lucky,2017,Pop
Jason Derulo - Stupid Love,Jason Derulo - Stupid Love,130,Jason Derulo - Stupid Love,Jason Derulo,Stupid Love,2013,Pop
Jason Mraz - I'm Yours,Jason Mraz - I'm Yours,130,Jason Mraz - I'm Yours,Jason Mraz,I'm Yours,2008,Pop
Jennifer Lopez - If You Have My Love,Jennifer Lopez - If You Have My Love,120,Jennifer Lopez - If You Had My Love,Jennifer Lopez,If You Had My Love,1999,Pop
Jerry Lee Lewis - Great Balls Of Fire,Jerry Lee Lewis - Great Balls Of Fire,130,Jerry Lee Lewis - Great Balls of Fire,Jerry Lee Lewis,Great Balls of Fire,1957,Rock
Jerry Lee Lewis - Whole Lotta Shakin' Goin' On,Jerry Lee Lewis - Whole Lotta Shakin' Goin' On,130,Jerry Lee Lewis - Whole Lotta Shakin' Goin' On,Jerry Lee Lewis,Whole Lotta Shakin' Goin' On,2006,Rock
Jessie J - Do It Like A Dude,Jessie J - Do It Like A Dude,130,Jessie J - Do It Like a Dude,Jessie J,Do It Like a Dude,2010,Pop
Jessie J Ft B.O.B - Price Tag,Jessie J Ft B.O.B - Price Tag,135,Jessie J - Price Tag (feat. B.o.B),Jessie J,Price Tag (feat. B.o.B),2011,Pop
Jim Croce - Bad Bad Leroy Brown,Jim Croce - Bad Bad Leroy Brown,115,"Jim Croce - Bad, Bad Leroy Brown",Jim Croce,"Bad, Bad Leroy Brown",1973,Singer/Songwriter
Joan Jett & The Blackhearts - I Love Rock 'n' Roll,Joan Jett & The Blackhearts - I Love Rock 'n' Roll,120,Joan Jett & The Blackhearts - I Love Rock 'N Roll,Joan Jett & The Blackhearts,I Love Rock 'N Roll,1981,Rock
Joe Cocker & Jennifer Warnes - Up Where We Belong,Joe Cocker & Jennifer Warnes - Up Where We Belong,130,Joe Cocker & Jennifer Warnes - Up Where We Belong,Joe Cocker & Jennifer Warnes,Up Where We Belong,1982,Pop
Joe Cocker - You Are So Beautiful,Joe Cocker - You Are So Beautiful,130,Joe Cocker - You Are So Beautiful,Joe Cocker,You Are So Beautiful,1974,Rock
"John Denver - Take Me Home, Country Roads","John Denver - Take Me Home, Country Roads",130,"John Denver - Take Me Home, Country Roads",John Denver,"Take Me Home, Country Roads",2001,Holiday
John Denver - Thank God I'm A Country Boy,John Denver - Thank God I'm A Country Boy,130,John Denver - Thank God I'm a Country Boy,John Denver,Thank God I'm a Country Boy,1974,Pop
John Fogety - Rockin All Over The World,John Fogety - Rockin All Over The World,40,Rockin' All Over The World - John Fogerty,John Fogerty,Rockin' All Over The World,1975,Rock
John Legend - All Of Me,John Legend - All Of Me,125,John Legend - All of Me,John Legend,All of Me,2013,R&B/Soul
John Lennon - Imagine,John Lennon - Imagine,130,John Lennon - Imagine,John Lennon,Imagine,1971,Rock
John Lennon - Jealous Guy,John Lennon - Jealous Guy,130,John Lennon - Jealous Guy,John Lennon,Jealous Guy,1971,Rock
John Paul Young - Love Is In The Air,John Paul Young - Love Is In The Air,130,John Paul Young - Love Is in the Air,John Paul Young,Love Is in the Air,1978,Rock
Johnny Cash - A Boy Named Sue,Johnny Cash - A Boy Named Sue,130,Johnny Cash - A Boy Named Sue,Johnny Cash,A Boy Named Sue,1954,Country
Jonas Blue - Fast Car,Jonas Blue - Fast Car,120,Jonas Blue - Fast Car (feat. Dakota),Jonas Blue,Fast Car (feat. Dakota),2015,Dance
Journey - Don't Stop Believin,Journey - Don't Stop Believin,120,Journey - Don't Stop Believin',Journey,Don't Stop Believin',1981,Pop
Juice Newton - Queen of Hearts,Juice Newton - Queen of Hearts,130,Juice Newton - Queen of Hearts,Juice Newton,Queen of Hearts,1981,Pop
Justin Bieber - Boyfriend,Justin Bieber - Boyfriend,130,Justin Bieber - Boyfriend,Justin Bieber,Boyfriend,2012,Pop
KC & The Sunshine Band - Give It Up,KC & The Sunshine Band - Give It Up,130,KC and the Sunshine Band - Give It Up,KC and the Sunshine Band,Give It Up,1982,Pop
Kaiser Chiefs - Everyday I Love You Less And Less,Kaiser Chiefs - Everyday I Love You Less And Less,130,Kaiser Chiefs - Everyday I Love You Less And Less,Kaiser Chiefs,Everyday I Love You Less And Less,2005,Rock
Kate Bush - Wuthering Heights,Kate Bush - Wuthering Heights,130,Kate Bush - Wuthering Heights,Kate Bush,Wuthering Heights,2022,Pop
Katrina & The Waves - Walking On Sunshine,Katrina & The Waves - Walking On Sunshine,130,Katrina and the Waves - Walking On Sunshine,Katrina and the Waves,Walking On Sunshine,1985,Pop
Katy Perry - Firework,Katy Perry - Firework,130,Katy Perry - Firework,Katy Perry,Firework,2010,Pop
Katy Perry - Roar,Katy Perry - Roar,130,Katy Perry - Roar,Katy Perry,Roar,2013,Pop
Kelly Clarkson - Because Of You,Kelly Clarkson - Because Of You,130,Kelly Clarkson - Because of You,Kelly Clarkson,Because of You,2004,Pop
Kelly Marie - Feels Like I'm In Love,Kelly Marie - Feels Like I'm In Love,130,Kelly Marie - Feels Like I'm in Love,Kelly Marie,Feels Like I'm in Love,1981,Disco
Kenny Loggins - Footloose,Kenny Loggins - Footloose,130,Kenny Loggins - Footloose,Kenny Loggins,Footloose,1984,Rock
Kenny Logins - Footloose,Kenny Logins - Footloose,50,Footloose - Kenny Loggins,Kenny Loggins,Footloose,1984,Rock
Kenny Rogers & Dolly Parton - Islands In The Stream,Kenny Rogers & Dolly Parton - Islands In The Stream,120,Dolly Parton & Kenny Rogers - Islands In the Stream,Dolly Parton & Kenny Rogers,Islands In the Stream,1983,Country
Kim Carnes - Bette Davies Eyes,Kim Carnes - Bette Davies Eyes,120,Kim Carnes - Bette Davis Eyes,Kim Carnes,Bette Davis Eyes,1981,Country
Kim Wilde - Kids In America,Kim Wilde - Kids In America,130,Kim Wilde - Kids In America,Kim Wilde,Kids In America,1981,Pop
Kings Of Leon - Sex On Fire,Kings Of Leon - Sex On Fire,130,Kings of Leon - Sex On Fire,Kings of Leon,Sex On Fire,2008,Alternative
Kingsmen - Louie Louie,Kingsmen - Louie Louie,120,The Kingsmen - Louie Louie,The Kingsmen,Louie Louie,1963,Rock
Kool & The Gang - Celebration,Kool & The Gang - Celebration,125,Kool & The Gang - Celebration,Kool & The Gang,Celebration,1988,R&B/Soul
Kylie Minogue & Jason Donovan - Especially For You,Kylie Minogue & Jason Donovan - Especially For You,130,Kylie Minogue & Jason Donovan - Especially for You,Kylie Minogue & Jason Donovan,Especially for You,1988,Pop
Kylie Minogue - All The Lovers,Kylie Minogue - All The Lovers,130,Kylie Minogue - All the Lovers,Kylie Minogue,All the Lovers,2010,Pop
Kylie Minogue - Get Outta My Way,Kylie Minogue - Get Outta My Way,130,Kylie Minogue - Get Outta My Way,Kylie Minogue,Get Outta My Way,2010,Pop
Kylie Minogue - I Should Be So Lucky,Kylie Minogue - I Should Be So Lucky,130,Kylie Minogue - I Should Be so Lucky,Kylie Minogue,I Should Be so Lucky,1987,Pop
Labi Siffre - (Something Inside) So Strong,Labi Siffre - (Something Inside) So Strong,120,Labi Siffre - (Something Inside) So Strong,Labi Siffre,(Something Inside) So Strong,1988,Pop
Lady Gaga - Marry The Night,Lady Gaga - Marry The Night,130,Lady Gaga - Marry The Night,Lady Gaga,Marry The Night,2011,Pop
Lady Gaga - Paparazzi,Lady Gaga - Paparazzi,130,Lady Gaga - Paparazzi,Lady Gaga,Paparazzi,2008,Pop
Lady Gaga - Perfect Illusion,Lady Gaga - Perfect Illusion,130,Lady Gaga - Perfect Illusion,Lady Gaga,Perfect Illusion,2016,Pop
Lady Gaga - Telephone (feat. Beyoncé),Lady Gaga - Telephone (feat. Beyoncé),120,Lady Gaga - Telephone (feat. Beyoncé),Lady Gaga,Telephone (feat. Beyoncé),2009,Pop
Lana Del Rey - High By The Beach,Lana Del Rey - High By The Beach,50,High By the Beach - Sepia Tone,Sepia Tone,High By the Beach,2024,Classical Crossover
Lana Del Rey - White Mustang,Lana Del Rey - White Mustang,130,Lana Del Rey - White Mustang,Lana Del Rey,White Mustang,2017,Alternative
Lawson - Roads,Lawson - Roads,130,Lawson - Roads,Lawson,Roads,2015,Pop
Lenny Kravitz - American Woman,Lenny Kravitz - American Woman,130,Lenny Kravitz - American Woman,Lenny Kravitz,American Woman,1999,Rock
Leo Sayer - When I Need You,Leo Sayer - When I Need You,130,Leo Sayer - When I Need You,Leo Sayer,When I Need You,1976,Rock
Leona Lewis -  Run,Leona Lewis - Run,130,Leona Lewis - Run,Leona Lewis,Run,2007,Pop
Leona Lewis - Bleeding Love,Leona Lewis - Bleeding Love,130,Leona Lewis - Bleeding Love,Leona Lewis,Bleeding Love,2007,Pop
Leona Lewis - Thunder,Leona Lewis - Thunder,130,Leona Lewis - Thunder,Leona Lewis,Thunder,2015,Pop
Les Miserables - I Dreamed A Dream,Les Miserables - I Dreamed A Dream,80,Les Miserables: I Dreamed a Dream - George Davidson,George Davidson,Les Miserables: I Dreamed a Dream,1996,New Age
Lionel Richie - All Night Long,Lionel Richie - All Night Long,120,Lionel Richie - All Night Long (All Night),Lionel Richie,All Night Long (All Night),1983,Pop
Lionel Richie - Hello,Lionel Richie - Hello,130,Lionel Richie - Hello,Lionel Richie,Hello,2002,Pop
Little Eva - Locomotion,Little Eva - Locomotion,120,Little Eva - The Locomotion,Little Eva,The Locomotion,1962,Pop
Little Mix - Black Magic,Little Mix - Black Magic,130,Little Mix - Black Magic,Little Mix,Black Magic,2015,Pop
Little Mix - Little Me,Little Mix - Little Me,130,Little Mix - Little Me,Little Mix,Little Me,2013,Pop
Little Mix feat. Charlie Puth - Oops!,Little Mix feat. Charlie Puth - Oops!,125,Little Mix - Oops (feat. Charlie Puth),Little Mix,Oops (feat. Charlie Puth),2016,Pop
Little Richard - Good Golly Miss Molly,Little Richard - Good Golly Miss Molly,125,Little Richard - Good Golly Miss Molly,Little Richard,Good Golly Miss Molly,1958,Rock & Roll
Lmfao - Sexy And I Know It,Lmfao - Sexy And I Know It,130,LMFAO - Sexy and I Know It,LMFAO,Sexy and I Know It,2011,Pop
Lolly - Viva La Radio,Lolly - Viva La Radio,130,Lolly - Viva LA Radio,Lolly,Viva LA Radio,1999,Pop
Lorde - Green Light,Lorde - Green Light,130,Lorde - Green Light,Lorde,Green Light,2017,Alternative
Los Lobos - La Bamba,Los Lobos - La Bamba,130,Los Lobos - La Bamba,Los Lobos,La Bamba,1987,Pop
Lou Reed - Walk On The Wild Side,Lou Reed - Walk On The Wild Side,130,Lou Reed - Walk on the Wild Side,Lou Reed,Walk on the Wild Side,1972,Rock
Lukas Graham - 7 Years,Lukas Graham - 7 Years,130,Lukas Graham - 7 Years,Lukas Graham,7 Years,2015,Pop
Lulu - Shout,Lulu - Shout,120,Lulu & The Luvvers - Shout,Lulu & The Luvvers,Shout,1964,Pop
Lynn Anderson - Rose Garden,Lynn Anderson - Rose Garden,130,Lynn Anderson - Rose Garden,Lynn Anderson,Rose Garden,1993,Country
Macy Gray - I Try,Macy Gray - I Try,130,Macy Gray - I Try,Macy Gray,I Try,1999,Pop
Madness - Baggy Trousers,Madness - Baggy Trousers,130,Madness - Baggy Trousers,Madness,Baggy Trousers,1980,Rock
Madness - Our House,Madness - Our House,130,Madness - Our House,Madness,Our House,1982,Pop
Madonna - Crazy For You,Madonna - Crazy For You,130,Madonna - Crazy for You,Madonna,Crazy for You,1985,Pop
Madonna - Like A Virgin,Madonna - Like A Virgin,130,Madonna - Like a Virgin,Madonna,Like a Virgin,1984,Pop
Madonna - Like a Prayer,Madonna - Like a Prayer,130,Madonna - Like a Prayer,Madonna,Like a Prayer,1989,Pop
Major Lazer - Cold Water (feat. Justin Bieber & MØ),Major Lazer - Cold Water (feat. Justin Bieber & MØ),120,Major Lazer - Cold Water (feat. Justin Bieber & MØ),Major Lazer,Cold Water (feat. Justin Bieber & MØ),2016,Electronic
Manfred Mann - Do Wa Diddy Diddy,Manfred Mann - Do Wa Diddy Diddy,50,Manfred Mann - Do Wah Diddy Diddy,Manfred Mann,Do Wah Diddy Diddy,1964,Pop
Mark Ronson Ft Lilly Allen - Oh My God,Mark Ronson Ft Lilly Allen - Oh My God,120,Mark Ronson - Oh My God (feat. Lily Allen),Mark Ronson,Oh My God (feat. Lily Allen),2007,Dance
Mark Ronson feat. Bruno Mars - Uptown Funk,Mark Ronson feat. Bruno Mars - Uptown Funk,135,Mark Ronson - Uptown Funk (feat. Bruno Mars),Mark Ronson,Uptown Funk (feat. Bruno Mars),2014,Pop
Maroon 5 feat. Christina Aguilera - Moves Like Jagger,Maroon 5 feat. Christina Aguilera - Moves Like Jagger,135,Maroon 5 - Moves Like Jagger (feat. Christina Aguilera),Maroon 5,Moves Like Jagger (feat. Christina Aguilera),2010,Pop
Martha & The Vandellas - Dancing In The Street,Martha & The Vandellas - Dancing In The Street,120,Martha Reeves & The Vandellas - Dancing In the Street,Martha Reeves & The Vandellas,Dancing In the Street,1964,Pop
Martha & The Vandellas - Heat Wave,Martha & The Vandellas - Heat Wave,120,Martha Reeves & The Vandellas - Heat Wave,Martha Reeves & The Vandellas,Heat Wave,1964,Pop
Marty Robins - Devil Woman,Marty Robins - Devil Woman,50,Devil Woman - Marty Robbins,Marty Robbins,Devil Woman,1962,Country
Marvin Gaye - I Heard It Through The Grapevine,Marvin Gaye - I Heard It Through The Grapevine,130,Marvin Gaye - I Heard It Through the Grapevine,Marvin Gaye,I Heard It Through the Grapevine,1968,Soundtrack
Marvin Gaye - What's Going On,Marvin Gaye - What's Going On,125,Marvin Gaye - What's Going On,Marvin Gaye,What's Going On,1971,R&B/Soul
Mary Wells - My Guy,Mary Wells - My Guy,130,Mary Wells - My Guy,Mary Wells,My Guy,1964,Soundtrack
McCoys - Hang On Sloopy,McCoys - Hang On Sloopy,120,The McCoys - Hang On Sloopy,The McCoys,Hang On Sloopy,1965,Pop
Mcfly - Obviously,Mcfly - Obviously,130,McFly - Obviously,McFly,Obviously,2004,Alternative
Meatloaf & Cher - Dead Ringer For Love,Meatloaf & Cher - Dead Ringer For Love,120,Meat Loaf - Dead Ringer for Love,Meat Loaf,Dead Ringer for Love,1981,Pop
Meatloaf - Bat Out Of Hell,Meatloaf - Bat Out Of Hell,120,Meat Loaf - Bat Out of Hell,Meat Loaf,Bat Out of Hell,1977,Rock
Meatloaf - Dead Ringer for Love,Meatloaf - Dead Ringer for Love,120,Meat Loaf - Dead Ringer for Love,Meat Loaf,Dead Ringer for Love,1981,Pop
Meatloaf - Paradise By The Dashboard Light,Meatloaf - Paradise By The Dashboard Light,120,Meat Loaf & Ellen Foley - Paradise By the Dashboard Light,Meat Loaf & Ellen Foley,Paradise By the Dashboard Light,1977,Rock
Meghan Trainor & John Legend - Like I'm Gonna Lose You,Meghan Trainor & John Legend - Like I'm Gonna Lose You,125,Meghan Trainor - Like I'm Gonna Lose You (feat. John Legend),Meghan Trainor,Like I'm Gonna Lose You (feat. John Legend),2015,Pop
Meghan Trainor - All About That Bass,Meghan Trainor - All About That Bass,130,Meghan Trainor - All About That Bass,Meghan Trainor,All About That Bass,2014,Pop
Melanie G - Word Up,Melanie G - Word Up,130,Melanie G - Word Up,Melanie G,Word Up,1999,Soundtrack
Melle Mel & Grandmaster Flash - White Lines,Melle Mel & Grandmaster Flash - White Lines,115,Melle Mel & Grandmaster Flash - White Lines (Don't Do It),Melle Mel & Grandmaster Flash,White Lines (Don't Do It),1989,Hip-Hop/Rap
Men At Work - Down Under,Men At Work - Down Under,130,Men At Work - Down Under,Men At Work,Down Under,1981,Rock
Michael Buble - Feeling Good,Michael Buble - Feeling Good,130,Michael Bublé - Feeling Good,Michael Bublé,Feeling Good,2005,Pop
Michael Jackson - Beat It,Michael Jackson - Beat It,130,Michael Jackson - Beat It,Michael Jackson,Beat It,1982,Pop
Michael Jackson - Billie Jean,Michael Jackson - Billie Jean,130,Michael Jackson - Billie Jean,Michael Jackson,Billie Jean,1982,Pop
Michael Jackson - Man In The Mirror,Michael Jackson - Man In The Mirror,130,Michael Jackson - Man In the Mirror,Michael Jackson,Man In the Mirror,1987,Pop
Michael Jackson - Rockin Robin,Michael Jackson - Rockin Robin,120,Michael Jackson - Rockin' Robin,Michael Jackson,Rockin' Robin,1972,Motown
Michael Jackson - Smooth Criminal,Michael Jackson - Smooth Criminal,130,Michael Jackson - Smooth Criminal,Michael Jackson,Smooth Criminal,1987,Pop
Michael Jackson - Wanna Be Startin Something,Michael Jackson - Wanna Be Startin Something,120,Michael Jackson - Wanna Be Startin' Somethin',Michael Jackson,Wanna Be Startin' Somethin',1982,Pop
Mike Posner - I Took A Pill In Ibiza,Mike Posner - I Took A Pill In Ibiza,125,Mike Posner - I Took a Pill In Ibiza,Mike Posner,I Took a Pill In Ibiza,2015,Singer/Songwriter
Miley Cyrus - Wrecking Ball,Miley Cyrus - Wrecking Ball,130,Miley Cyrus - Wrecking Ball,Miley Cyrus,Wrecking Ball,2013,Pop
Miley Cyrus - Younger Now,Miley Cyrus - Younger Now,130,Miley Cyrus - Younger Now,Miley Cyrus,Younger Now,2017,Pop
Mitch Ryder - Devil With The Blue Dress On,Mitch Ryder - Devil With The Blue Dress On,120,Mitch Ryder - Devil With a Blue Dress,Mitch Ryder,Devil With a Blue Dress,1966,Rock
Monty Python - Always Look On The Bright Side Of Life,Monty Python - Always Look On The Bright Side Of Life,110,Monty Python - Look On the Bright Side of Life (All Things Dull and Ugly),Monty Python,Look On the Bright Side of Life (All Things Dull and Ugly),1979,Comedy
Mud - Tiger Feed,Mud - Tiger Feed,50,Mud - Tiger Feet,Mud,Tiger Feet,1974,Pop
Mumford & Sons - Believe,Mumford & Sons - Believe,130,Mumford & Sons - Believe,Mumford & Sons,Believe,2015,Alternative
Mungo Jerry - In the Summertime,Mungo Jerry - In the Summertime,130,Mungo Jerry - In the Summertime,Mungo Jerry,In the Summertime,1970,Pop
Natalie Imbruglia - Torn,Natalie Imbruglia - Torn,130,Natalie Imbruglia - Torn,Natalie Imbruglia,Torn,1997,Pop
Natasha Bedingfield - These Words,Natasha Bedingfield - These Words,130,Natasha Bedingfield - These Words,Natasha Bedingfield,These Words,2004,Pop
Neil Diamond - Mr Bojangles,Neil Diamond - Mr Bojangles,120,Neil Diamond - Mr. Bojangles,Neil Diamond,Mr. Bojangles,1969,Pop
Neil Diamond - You Don't Bring Me Flowers,Neil Diamond - You Don't Bring Me Flowers,130,Neil Diamond - You Don't Bring Me Flowers,Neil Diamond,You Don't Bring Me Flowers,1977,Pop
Nena - 99 Red Balloons,Nena - 99 Red Balloons,130,Nena - 99 Red Balloons,Nena,99 Red Balloons,1984,Pop
Niall Horan - Too Much To Ask,Niall Horan - Too Much To Ask,130,Niall Horan - Too Much to Ask,Niall Horan,Too Much to Ask,2017,Pop
Nick Jonas - Remember I Told You,Nick Jonas - Remember I Told You,120,Nick Jonas - Remember I Told You (feat. Anne-Marie & Mike Posner),Nick Jonas,Remember I Told You (feat. Anne-Marie & Mike Posner),2017,Dance
Nicole Scherzinger - On The Rocks,Nicole Scherzinger - On The Rocks,40,"Christopher Jackson, Rachel House, Nicole Scherzinger, Auli'i Cravalho & Louise Bush - Where You Are","Christopher Jackson, Rachel House, Nicole Scherzinger, Auli'i Cravalho & Louise Bush",Where You Are,2016,Soundtrack
No Doubt - Don't Speak,No Doubt - Don't Speak,130,No Doubt - Don't Speak,No Doubt,Don't Speak,1995,Pop
Nolans - I'm In the Mood For Dancing,Nolans - I'm In the Mood For Dancing,120,The Nolans - I'm In the Mood for Dancing,The Nolans,I'm In the Mood for Dancing,1979,Pop
Norman Greenbaum - Spirit In The Sky,Norman Greenbaum - Spirit In The Sky,130,Norman Greenbaum - Spirit In the Sky,Norman Greenbaum,Spirit In the Sky,1969,Rock
Oasis - Don't Look Back in Anger,Oasis - Don't Look Back in Anger,130,Oasis - Don't Look Back in Anger,Oasis,Don't Look Back in Anger,1995,Indie Rock
Oasis - The Importance - Of Being Idle,Oasis - The Importance - Of Being Idle,120,Oasis - The Importance Of Being Idle,Oasis,The Importance Of Being Idle,2005,Indie Rock
Oasis - Wonderwall,Oasis - Wonderwall,130,Oasis - Wonderwall,Oasis,Wonderwall,1995,Indie Rock
Olivia Newton-John & John Travolta - You're The One That I Want,Olivia Newton-John & John Travolta - You're The One That I Want,120,John Travolta & Olivia Newton-John - You're the One That I Want,John Travolta & Olivia Newton-John,You're the One That I Want,1978,Musicals
Olly Murs - Beautiful To Me,Olly Murs - Beautiful To Me,130,Olly Murs - Beautiful to Me,Olly Murs,Beautiful to Me,2014,Pop
Olly Murs - Please Don't Let Me Go,Olly Murs - Please Don't Let Me Go,130,Olly Murs - Please Don't Let Me Go,Olly Murs,Please Don't Let Me Go,2010,Rock
Olly Murs Ft Demi Lovato - Up,Olly Murs Ft Demi Lovato - Up,135,Olly Murs - Up (feat. Demi Lovato),Olly Murs,Up (feat. Demi Lovato),2014,Pop
One Direction - Best Song Ever,One Direction - Best Song Ever,130,One Direction - Best Song Ever,One Direction,Best Song Ever,2013,Pop
One Direction - Gotta Be You,One Direction - Gotta Be You,90,One Direction - Gotta Be You (2012 US Version),One Direction,Gotta Be You (2012 US Version),2012,Pop
One Direction - History,One Direction - History,130,One Direction - History,One Direction,History,2015,Pop
One Direction - Little Things,One Direction - Little Things,130,One Direction - Little Things,One Direction,Little Things,2012,Pop
One Direction - The Story of My Life,One Direction - The Story of My Life,120,One Direction - Story Of My Life,One Direction,Story Of My Life,2013,Pop
One Direction - You And I,One Direction - You And I,120,One Direction - You & I,One Direction,You & I,2013,Pop
One Republic - Counting Stars,One Republic - Counting Stars,120,OneRepublic - Counting Stars,OneRepublic,Counting Stars,2013,Pop
Otis Day & The Knights - Shout,Otis Day & The Knights - Shout,125,Otis Day & The Knights - Shout,Otis Day & The Knights,Shout,1989,R&B/Soul
Otis Reading - Sitting on the Dock of the Bay,Otis Reading - Sitting on the Dock of the Bay,50,Sitting On the Dock of the Bay - The Foundations,The Foundations,Sitting On the Dock of the Bay,1968,Pop
Paloma Faith - New York,Paloma Faith - New York,120,Paloma Faith - New York (feat. Ghostface Killah),Paloma Faith,New York (feat. Ghostface Killah),2010,Pop
Paloma Faith - Only Love Can Hurt Like This,Paloma Faith - Only Love Can Hurt Like This,130,Paloma Faith - Only Love Can Hurt Like This,Paloma Faith,Only Love Can Hurt Like This,2014,Pop
Patrick Swayze - She's Like The Wind,Patrick Swayze - She's Like The Wind,120,Patrick Swayze - She's Like the Wind (feat. Wendy Fraser),Patrick Swayze,She's Like the Wind (feat. Wendy Fraser),1987,Soundtrack
Patsy Cline - Crazy,Patsy Cline - Crazy,130,Patsy Cline - Crazy,Patsy Cline,Crazy,1961,Country
Patsy Cline - I Fall To Pieces,Patsy Cline - I Fall To Pieces,130,Patsy Cline - I Fall To Pieces,Patsy Cline,I Fall To Pieces,1962,Pop
Paul Kelly - Firewood and Candles (Karaoke Version) with Lyrics HD Vocal-Star Karaoke---UDR5t0zd_c0,Paul Kelly - Firewood and Candles,130,Paul Kelly - Firewood and Candles,Paul Kelly,Firewood and Candles,2017,Rock
Paul Kelly - To Her Door,Paul Kelly - To Her Door,125,Paul Kelly - To Her Door,Paul Kelly,To Her Door,1987,Singer/Songwriter
Paul Young - Wherever I Lay My Hat (That's My Home),Paul Young - Wherever I Lay My Hat,120,Paul Young - Wherever I Lay My Hat (That's My Home),Paul Young,Wherever I Lay My Hat (That's My Home),1983,Pop
Penguins - Earth Angel,Penguins - Earth Angel,120,The Penguins - Earth Angel,The Penguins,Earth Angel,1954,Doo Wop
Percy Sledge - When a Man Loves a Woman,Percy Sledge - When a Man Loves a Woman,130,Percy Sledge - When a Man Loves a Woman,Percy Sledge,When a Man Loves a Woman,1966,Rock
Pet Shop Boys - West End Girls,Pet Shop Boys - West End Girls,130,Pet Shop Boys - West End Girls,Pet Shop Boys,West End Girls,1986,Pop
Peter Andre - Mysterious Girl,Peter Andre - Mysterious Girl,130,Peter Andre - Mysterious Girl,Peter Andre,Mysterious Girl,2002,Rock
Peter Cetera - Glory Of Love,Peter Cetera - Glory Of Love,130,Peter Cetera - Glory of Love,Peter Cetera,Glory of Love,1986,Pop
Phil Collins - Easy Lover,Phil Collins - Easy Lover,120,Phil Collins & Philip Bailey - Easy Lover,Phil Collins & Philip Bailey,Easy Lover,1984,Rock
Phil Collins - In The Air Tonight,Phil Collins - In The Air Tonight,130,Phil Collins - In the Air Tonight,Phil Collins,In the Air Tonight,1981,Rock
Phil Collins - You Can't Hurry Love,Phil Collins - You Can't Hurry Love,130,Phil Collins - You Can't Hurry Love,Phil Collins,You Can't Hurry Love,1982,Rock
Phyllis Nelson -  Move Closer,Phyllis Nelson - Move Closer,130,Phyllis Nelson - Move Closer,Phyllis Nelson,Move Closer,1984,Pop
Pink - Beautiful Trauma,Pink - Beautiful Trauma,50,Beautiful Trauma - P!nk,P!nk,Beautiful Trauma,2017,Pop
Pink - F--kin' Perfect,Pink - F--kin' Perfect,50,Pink - F**kin' Perfect - Master Q Karaoke,Master Q Karaoke,Pink - F**kin' Perfect,2011,Karaoke
Pink - Funhouse,Pink - Funhouse,50,Funhouse - P!nk,P!nk,Funhouse,2008,Pop
Pink - Try,Pink - Try,80,Pink Try - CRISZEL,CRISZEL,Pink Try,2023,Electronic
Pink Ft Lilly Allen - True Love,Pink Ft Lilly Allen - True Love,50,True Love - Ariana Grande,Ariana Grande,True Love,2015,Holiday
Pixie Lott - Caravan Of Love,Pixie Lott - Caravan Of Love,130,Pixie Lott - Caravan of Love,Pixie Lott,Caravan of Love,2014,Pop
Prince - Purple Rain,Prince - Purple Rain,120,Prince & The Revolution - Purple Rain,Prince & The Revolution,Purple Rain,1984,Pop
Pulp - Disco 2000,Pulp - Disco 2000,130,Pulp - Disco 2000,Pulp,Disco 2000,1995,Rock
Pussycat Dolls - Chon't Cha - Busta Rhymes,Pussycat Dolls - Chon't Cha - Busta Rhymes,0,,,,,
Pussycat Dolls ft busta Rhymes - Don't Cha,Pussycat Dolls ft busta Rhymes - Don't Cha,125,The Pussycat Dolls & Busta Rhymes - Don't Cha (featuring Busta Rhymes),The Pussycat Dolls & Busta Rhymes,Don't Cha (featuring Busta Rhymes),2005,Pop
Queen - Bohemian Rhapsody,Queen - Bohemian Rhapsody,130,Queen - Bohemian Rhapsody,Queen,Bohemian Rhapsody,1975,Rock
Queen - Crazy Little Thing Called Love,Queen - Crazy Little Thing Called Love,130,Queen - Crazy Little Thing Called Love,Queen,Crazy Little Thing Called Love,1979,Rock
Queen - Don't Stop Me Now,Queen - Don't Stop Me Now,130,Queen - Don't Stop Me Now,Queen,Don't Stop Me Now,1978,Rock
Queen - We Will Rock You,Queen - We Will Rock You,130,Queen - We Will Rock You,Queen,We Will Rock You,1977,Rock
Rachel Platten - Fight Song,Rachel Platten - Fight Song,130,Rachel Platten - Fight Song,Rachel Platten,Fight Song,2015,Pop
Rag 'N' Bone Man - Human,Rag 'N' Bone Man - Human,130,Rag'n'Bone Man - Human,Rag'n'Bone Man,Human,2016,Alternative
Ray Anthony - Hokey Pokey,Ray Anthony - Hokey Pokey,120,Ray Anthony - The Hokey Pokey,Ray Anthony,The Hokey Pokey,1992,Jazz
Ray Charles - Hit The Road Jack,Ray Charles - Hit The Road Jack,130,Ray Charles - Hit the Road Jack,Ray Charles,Hit the Road Jack,2021,Rock
Razorlight - Somewhere Else,Razorlight - Somewhere Else,130,Razorlight - Somewhere Else,Razorlight,Somewhere Else,2004,Rock
Richie Valens - La Bamba,Richie Valens - La Bamba,50,La Bamba - Ritchie Valens,Ritchie Valens,La Bamba,1958,Rock
Ricky Martin - She Bangs,Ricky Martin - She Bangs,120,Ricky Martin - She Bangs (English Edit),Ricky Martin,She Bangs (English Edit),2000,Latin
Ricky Nelson - Hello Mary Lou,Ricky Nelson - Hello Mary Lou,130,Ricky Nelson - Hello Mary Lou,Ricky Nelson,Hello Mary Lou,1991,Rock
Righteous Brothers - Unchained Melody,Righteous Brothers - Unchained Melody,120,The Righteous Brothers - Unchained Melody,The Righteous Brothers,Unchained Melody,1965,Pop
Rihanna & Kayne West & Paul Mccartney - Fourfiveseconds,Rihanna & Kayne West & Paul Mccartney - Fourfiveseconds,120,Rihanna and Kanye West and Paul McCartney - FourFiveSeconds,Rihanna and Kanye West and Paul McCartney,FourFiveSeconds,2015,Pop
Rihanna - Don't Stop The Music,Rihanna - Don't Stop The Music,125,Rihanna - Don't Stop the Music,Rihanna,Don't Stop the Music,2007,R&B/Soul
Rihanna - Umbrella,Rihanna - Umbrella,120,Rihanna - Umbrella (feat. JAŸ-Z),Rihanna,Umbrella (feat. JAŸ-Z),2007,Pop
Rihanna ft Mikky Ekko - Stay,Rihanna ft Mikky Ekko - Stay,135,Rihanna - Stay (feat. Mikky Ekko),Rihanna,Stay (feat. Mikky Ekko),2012,Pop
Rita Ora - Your Song,Rita Ora - Your Song,130,Rita Ora - Your Song,Rita Ora,Your Song,2018,Pop
Robbie Williams - Rock Dj,Robbie Williams - Rock Dj,130,Robbie Williams - Rock DJ,Robbie Williams,Rock DJ,2000,Pop
Robert Palmer - Addicted To Love,Robert Palmer - Addicted To Love,130,Robert Palmer - Addicted to Love,Robert Palmer,Addicted to Love,1985,Rock
Rod Stewart - Maggie May,Rod Stewart - Maggie May,130,Rod Stewart - Maggie May,Rod Stewart,Maggie May,1971,Rock
Ronan Keating - When You Say Nothing At All,Ronan Keating - When You Say Nothing At All,130,Ronan Keating - When You Say Nothing At All,Ronan Keating,When You Say Nothing At All,1999,Rock
Roxette - Listen To Your Heart,Roxette - Listen To Your Heart,130,Roxette - Listen To Your Heart,Roxette,Listen To Your Heart,1988,Pop
"Roy Orbison - Oh, Pretty Woman","Roy Orbison - Oh, Pretty Woman",130,"Roy Orbison - Oh, Pretty Woman",Roy Orbison,"Oh, Pretty Woman",1964,Rock
Roy Orbison - Pretty Woman,Roy Orbison - Pretty Woman,120,"Roy Orbison - Oh, Pretty Woman",Roy Orbison,"Oh, Pretty Woman",1964,Rock
Rudimental Ft Ed Sheeran - Lay It All On Me,Rudimental Ft Ed Sheeran - Lay It All On Me,135,Rudimental - Lay It All on Me (feat. Ed Sheeran),Rudimental,Lay It All on Me (feat. Ed Sheeran),2005,Dance
Sam & Dave - Soul Man,Sam & Dave - Soul Man,130,Sam & Dave - Soul Man,Sam & Dave,Soul Man,1983,Rock
Sam Bailey - Skyscraper,Sam Bailey - Skyscraper,130,Sam Bailey - Skyscraper,Sam Bailey,Skyscraper,2013,Pop
Sam Smith - Pray,Sam Smith - Pray,130,Sam Smith - Pray,Sam Smith,Pray,2017,Pop
Sam Smith - Stay With Me,Sam Smith - Stay With Me,130,Sam Smith - Stay with Me,Sam Smith,Stay with Me,2014,Pop
Sam Smith Ft John Legend - Lay Me Down,Sam Smith Ft John Legend - Lay Me Down,135,Sam Smith - Lay Me Down (feat. John Legend),Sam Smith,Lay Me Down (feat. John Legend),2014,Pop
Sam The Sham - Wooly Bully,Sam The Sham - Wooly Bully,120,Sam the Sham & The Pharaohs - Wooly Bully,Sam the Sham & The Pharaohs,Wooly Bully,1965,Rock
Searchers - Love Potion Number Nine,Searchers - Love Potion Number Nine,110,The Searchers - Love Potion Number Nine (Stereo),The Searchers,Love Potion Number Nine (Stereo),1963,Pop
Semisonic - Secret Smile,Semisonic - Secret Smile,130,Semisonic - Secret Smile,Semisonic,Secret Smile,1998,Rock
Shawn Mendes - Stitches,Shawn Mendes - Stitches,130,Shawn Mendes - Stitches,Shawn Mendes,Stitches,2015,Pop
Shocking Blue - Venus,Shocking Blue - Venus,130,Shocking Blue - Venus,Shocking Blue,Venus,1969,Pop
Sia - Rainbow,Sia - Rainbow,120,Seong Sia - Rainbow,Seong Sia,Rainbow,2012,New Age
Sigma - Nobody To Love,Sigma - Nobody To Love,130,Sigma - Nobody to Love,Sigma,Nobody to Love,2014,Dance
Simon And Garfunkel - Bridge Over Troubled Water,Simon And Garfunkel - Bridge Over Troubled Water,130,Simon & Garfunkel - Bridge Over Troubled Water,Simon & Garfunkel,Bridge Over Troubled Water,1970,Pop
Simply Red - Holding Back the Years,Simply Red - Holding Back the Years,130,Simply Red - Holding Back the Years,Simply Red,Holding Back the Years,1985,Pop
Simply Red - Money's Too Tight,Simply Red - Money's Too Tight,130,Simply Red - Money's Too Tight,Simply Red,Money's Too Tight,1985,Pop
Sister Sledge - We Are Family,Sister Sledge - We Are Family,130,Sister Sledge - We Are Family,Sister Sledge,We Are Family,1992,Dance
Slade - Com On Feel The Noize,Slade - Com On Feel The Noize,120,Slade - Cum On Feel the Noize,Slade,Cum On Feel the Noize,1973,Rock
Sly & The Family Stone - Dance To The Music,Sly & The Family Stone - Dance To The Music,125,Sly & The Family Stone - Dance to the Music,Sly & The Family Stone,Dance to the Music,1968,R&B/Soul
Snow Patrol - Chasing Cars,Snow Patrol - Chasing Cars,130,Snow Patrol - Chasing Cars,Snow Patrol,Chasing Cars,2005,Alternative
Snow Patrol - This Isn't Everything You Are,Snow Patrol - This Isn't Everything You Are,130,Snow Patrol - This Isn't Everything You Are,Snow Patrol,This Isn't Everything You Are,2011,Alternative
Sonny & Cher - I Got You Babe,Sonny & Cher - I Got You Babe,130,Sonny & Cher - I Got You Babe,Sonny & Cher,I Got You Babe,1965,Pop
Spandau Ballet - Gold,Spandau Ballet - Gold,130,Spandau Ballet - Gold,Spandau Ballet,Gold,1985,Pop
Spice Girls - Wannabe,Spice Girls - Wannabe,130,Spice Girls - Wannabe,Spice Girls,Wannabe,1996,Pop
Starship - Nothins Gonna Stop Us Now,Starship - Nothins Gonna Stop Us Now,120,Starship - Nothing's Gonna Stop Us Now,Starship,Nothing's Gonna Stop Us Now,1987,Rock
Starship - We Built This City,Starship - We Built This City,130,Starship - We Built This City,Starship,We Built This City,1985,Rock
Status Quo - Down Down,Status Quo - Down Down,130,Status Quo - Down Down,Status Quo,Down Down,1974,Rock
Status Quo - Rockin All Over The World,Status Quo - Rockin All Over The World,120,Status Quo - Rockin' All over the World,Status Quo,Rockin' All over the World,1977,Rock
Steam - Na Na Hey Hey Kiss Him Goodbye,Steam - Na Na Hey Hey Kiss Him Goodbye,130,Steam - Na Na Hey Hey Kiss Him Goodbye,Steam,Na Na Hey Hey Kiss Him Goodbye,2008,Pop
Steppenwolf - Born to be Wild,Steppenwolf - Born to be Wild,130,Steppenwolf - Born to Be Wild,Steppenwolf,Born to Be Wild,1968,Rock
Steps - Love's Got A Hold Of My Heart,Steps - Love's Got A Hold Of My Heart,120,Steps - Love's Got a Hold On My Heart,Steps,Love's Got a Hold On My Heart,1998,Pop
Stereophonics - C'est La Vie,Stereophonics - C'est La Vie,55,C'est La Vie (Remake of Stereophonics) - Starstruck Backing Tracks,Starstruck Backing Tracks,C'est La Vie (Remake of Stereophonics),2015,Karaoke
Stereophonics - Dakota,Stereophonics - Dakota,130,Stereophonics - Dakota,Stereophonics,Dakota,2005,Pop
Stevie Wonder - I Just Called To Say I Love You,Stevie Wonder - I Just Called To Say I Love You,130,Stevie Wonder - I Just Called To Say I Love You,Stevie Wonder,I Just Called To Say I Love You,1984,Soundtrack
Stevie Wonder - Isn't She Lovely,Stevie Wonder - Isn't She Lovely,130,Stevie Wonder - Isn't She Lovely,Stevie Wonder,Isn't She Lovely,1996,Pop
Supergrass - Alright,Supergrass - Alright,130,Supergrass - Alright,Supergrass,Alright,1995,Rock
Supremes - Stop! In The Name Of Love,Supremes - Stop! In The Name Of Love,115,The Supremes - Stop! In the Name of Love,The Supremes,Stop! In the Name of Love,1997,R&B/Soul
Supremes - Where Did You Love Go,Supremes - Where Did You Love Go,110,The Supremes - Where Did Our Love Go,The Supremes,Where Did Our Love Go,1964,Soundtrack
Supremes - You Can't Hurry Love,Supremes - You Can't Hurry Love,120,The Supremes - You Can't Hurry Love,The Supremes,You Can't Hurry Love,1966,Soundtrack
Survivor - Eye Of The Tiger,Survivor - Eye Of The Tiger,130,Survivor - Eye of the Tiger,Survivor,Eye of the Tiger,1982,Soundtrack
Sweet Caroline - Neil Diamond _ Karaoke Version _ KaraFun---IM8pV2wedpc,Sweet Caroline - Neil Diamond,130,Sweet Caroline - Neil Diamond,Neil Diamond,Sweet Caroline,1969,Pop
T'Pau - China In Your Hand,T'Pau - China In Your Hand,130,T'Pau - China In Your Hand,T'Pau,China In Your Hand,1987,Rock
TLC - Unpretty,TLC - Unpretty,125,TLC - Unpretty,TLC,Unpretty,1999,R&B/Soul
Taio Cruz - Dynamite,Taio Cruz - Dynamite,130,Taio Cruz - Dynamite,Taio Cruz,Dynamite,2009,Pop
Take That - Never Forget,Take That - Never Forget,130,Take That - Never Forget,Take That,Never Forget,1995,Pop
Take That - Patience,Take That - Patience,130,Take That - Patience,Take That,Patience,2006,Pop
Taylor Swift - Blank Space,Taylor Swift - Blank Space,130,Taylor Swift - Blank Space,Taylor Swift,Blank Space,2014,Pop
Taylor Swift - Everything Has Changed (feat. Ed Sheeran)---j3zBJPk0Jtk,Taylor Swift - Everything Has Changed (feat. Ed Sheeran)---j3zBJPk0Jtk,0,,,,,
Taylor Swift - Style,Taylor Swift - Style,130,Taylor Swift - Style,Taylor Swift,Style,2014,Pop
Taylor Swift - Wildest Dreams,Taylor Swift - Wildest Dreams,130,Taylor Swift - Wildest Dreams,Taylor Swift,Wildest Dreams,2014,Pop
Tears For Fears - Everybody Wants To Rule The World,Tears For Fears - Everybody Wants To Rule The World,130,Tears for Fears - Everybody Wants to Rule the World,Tears for Fears,Everybody Wants to Rule the World,1985,Pop
Temptations - Ain't Too Proud To Beg,Temptations - Ain't Too Proud To Beg,120,The Temptations - Ain't Too Proud to Beg,The Temptations,Ain't Too Proud to Beg,1966,Soundtrack
Temptations - Get Ready,Temptations - Get Ready,120,The Temptations - Get Ready,The Temptations,Get Ready,1966,Soundtrack
Texas - I Don't Want A Lover,Texas - I Don't Want A Lover,130,Texas - I Don't Want a Lover,Texas,I Don't Want a Lover,1989,Rock
Texas - Say What You Want,Texas - Say What You Want,130,Texas - Say What You Want,Texas,Say What You Want,1997,Pop
The Angels - Am I Ever Gonna See Your Face Again,The Angels - Am I Ever Gonna See Your Face Again,130,The Angels - Am I Ever Gonna See Your Face Again,The Angels,Am I Ever Gonna See Your Face Again,1978,Rock
"The Archies - Sugar, Sugar","The Archies - Sugar, Sugar",130,"The Archies - Sugar, Sugar",The Archies,"Sugar, Sugar",1969,Pop
The Bangles - Eternal Flame,The Bangles - Eternal Flame,130,The Bangles - Eternal Flame,The Bangles,Eternal Flame,1988,Rock
The Bangles - Walk Like An Egyptian,The Bangles - Walk Like An Egyptian,130,The Bangles - Walk Like an Egyptian,The Bangles,Walk Like an Egyptian,1985,Rock
The Beatles - I Want to Hold Your Hand,The Beatles - I Want to Hold Your Hand,130,The Beatles - I Want to Hold Your Hand,The Beatles,I Want to Hold Your Hand,1963,Rock
The Calling - Wherever You Will Go,The Calling - Wherever You Will Go,130,The Calling - Wherever You Will Go,The Calling,Wherever You Will Go,2001,Rock
The Jam - Town Called Malice,The Jam - Town Called Malice,130,The Jam - Town Called Malice,The Jam,Town Called Malice,1982,Rock
The Killers - Mr Brightside,The Killers - Mr Brightside,120,The Killers - Mr. Brightside,The Killers,Mr. Brightside,2003,Rock
The Mavericks - Dance the Night Away,The Mavericks - Dance the Night Away,130,The Mavericks - Dance the Night Away,The Mavericks,Dance the Night Away,1997,Country
The Monkees - Daydream Believer,The Monkees - Daydream Believer,130,The Monkees - Daydream Believer,The Monkees,Daydream Believer,1967,Pop
The Monkees - I'm A Believer,The Monkees - I'm A Believer,130,The Monkees - I'm a Believer,The Monkees,I'm a Believer,1966,Pop
The Pogues Feat. Kirsty MacColl - Fairytale Of New York,The Pogues Feat. Kirsty MacColl - Fairytale Of New York,135,The Pogues - Fairytale of New York (feat. Kirsty MacColl),The Pogues,Fairytale of New York (feat. Kirsty MacColl),1987,Alternative
The Pointer Sisters - I'm So Excited,The Pointer Sisters - I'm So Excited,130,The Pointer Sisters - I'm So Excited,The Pointer Sisters,I'm So Excited,1982,Pop
Three Dog Night - Joy To The World,Three Dog Night - Joy To The World,130,Three Dog Night - Joy to the World,Three Dog Night,Joy to the World,1970,Pop
Tiffany - I Think We're Alone Now,Tiffany - I Think We're Alone Now,130,Tiffany - I Think We're Alone Now,Tiffany,I Think We're Alone Now,1987,Pop
Tina Turner - What's Love Got To Do With It,Tina Turner - What's Love Got To Do With It,130,Tina Turner - What's Love Got to Do with It,Tina Turner,What's Love Got to Do with It,1984,Pop
Tinie Tempah Ft Zara Larsson - Girls Like,Tinie Tempah Ft Zara Larsson - Girls Like,130,Tinie Tempah - Girls Like (feat. Zara Larsson),Tinie Tempah,Girls Like (feat. Zara Larsson),2016,Hip-Hop/Rap
Tokens - The Lion Sleeps Tonight,Tokens - The Lion Sleeps Tonight,120,The Tokens - The Lion Sleeps Tonight,The Tokens,The Lion Sleeps Tonight,1961,Pop
Tom Jones - Delilah,Tom Jones - Delilah,130,Tom Jones - Delilah,Tom Jones,Delilah,1968,Pop
Tom Jones - You Can Leave Your Hat On,Tom Jones - You Can Leave Your Hat On,50,You Can Leave Your Hat On - Joe Cocker,Joe Cocker,You Can Leave Your Hat On,1972,Rock
Tom Odell - Concrete,Tom Odell - Concrete,125,Tom Odell - Concrete,Tom Odell,Concrete,2016,Singer/Songwriter
Tommy James & The Shondells - Mony Mony,Tommy James & The Shondells - Mony Mony,130,Tommy James & The Shondells - Mony Mony,Tommy James & The Shondells,Mony Mony,1968,Pop
Toni Basil - Mickey,Toni Basil - Mickey,120,Toni Basil - Hey Mickey,Toni Basil,Hey Mickey,1982,Pop
Tony Christie - Amarillo,Tony Christie - Amarillo,120,Tony Christie - (Is This The Way To) Amarillo,Tony Christie,(Is This The Way To) Amarillo,1972,Pop
Travie Mccoy Ft Bruno Mars - Billionaire,Travie Mccoy Ft Bruno Mars - Billionaire,135,Travie McCoy - Billionaire (feat. Bruno Mars),Travie McCoy,Billionaire (feat. Bruno Mars),2010,Pop
Travis - Why Does It Always Rain on Me,Travis - Why Does It Always Rain on Me,120,Travis - Why Does It Always Rain On Me?,Travis,Why Does It Always Rain On Me?,1999,Pop
U2 - Beautiful Day,U2 - Beautiful Day,130,U2 - Beautiful Day,U2,Beautiful Day,2000,Rock
Ub40 - I Can't Help Falling In Love With You,Ub40 - I Can't Help Falling In Love With You,110,UB40 - (I Can't Help) Falling in Love With You,UB40,(I Can't Help) Falling in Love With You,1993,Reggae
Ultravox - Vienna,Ultravox - Vienna,130,Ultravox - Vienna,Ultravox,Vienna,1980,New Wave
Van Morrison - Brown Eyed Girl,Van Morrison - Brown Eyed Girl,130,Van Morrison - Brown Eyed Girl,Van Morrison,Brown Eyed Girl,1967,Rock
Verve - The Drugs Don't Work,Verve - The Drugs Don't Work,120,The Verve - The Drugs Don't Work,The Verve,The Drugs Don't Work,1997,Rock
Village People - Y.M.C.A.,Village People - Y.M.C.A.,130,Village People - Y.M.C.A.,Village People,Y.M.C.A.,2007,Disco
Westlife - Flying Without Wings,Westlife - Flying Without Wings,130,Westlife - Flying Without Wings,Westlife,Flying Without Wings,1999,Pop
Westlife - Safe,Westlife - Safe,130,Westlife - Safe,Westlife,Safe,2001,Pop
Wet Wet Wet - Sweet Little Mystery,Wet Wet Wet - Sweet Little Mystery,130,Wet Wet Wet - Sweet Little Mystery,Wet Wet Wet,Sweet Little Mystery,1987,Pop
Wham - Club Tropicana,Wham - Club Tropicana,130,Wham! - Club Tropicana,Wham!,Club Tropicana,1983,Pop
Wham - I'm Your Man,Wham - I'm Your Man,130,Wham! - I'm Your Man,Wham!,I'm Your Man,1986,Pop
Wham - Wake Me Up Before You Go Go,Wham - Wake Me Up Before You Go Go,130,Wham! - Wake Me Up Before You Go Go,Wham!,Wake Me Up Before You Go Go,1984,Pop
Whitney Houston - Greatest Love of All,Whitney Houston - Greatest Love of All,130,Whitney Houston - Greatest Love of All,Whitney Houston,Greatest Love of All,1985,Pop
Whitney Houston - I Wanna Dance With Somebody,Whitney Houston - I Wanna Dance With Somebody,120,Whitney Houston - I Wanna Dance with Somebody (Who Loves Me),Whitney Houston,I Wanna Dance with Somebody (Who Loves Me),1987,Pop
Whitney Houston - I Will Always Love You,Whitney Houston - I Will Always Love You,130,Whitney Houston - I Will Always Love You,Whitney Houston,I Will Always Love You,1992,Soundtrack
Whitney Houston - Saving All My Love For You,Whitney Houston - Saving All My Love For You,130,Whitney Houston - Saving All My Love for You,Whitney Houston,Saving All My Love for You,1985,Pop
Wild Cherry - Play That Funky Music,Wild Cherry - Play That Funky Music,130,Wild Cherry - Play That Funky Music,Wild Cherry,Play That Funky Music,1976,Rock
Will Smith - Wild Wild West,Will Smith - Wild Wild West,125,Will Smith - Wild Wild West,Will Smith,Wild Wild West,1999,Hip-Hop/Rap
Wilson Pickett - Mustang Sally,Wilson Pickett - Mustang Sally,130,Wilson Pickett - Mustang Sally,Wilson Pickett,Mustang Sally,1966,Pop
Wuthering Heights - Kate Bush,Wuthering Heights - Kate Bush,130,Wuthering Heights - Kate Bush,Kate Bush,Wuthering Heights,2022,Pop
Years and Years - King,Years and Years - King,130,Years & Years - King,Years & Years,King,2022,Pop
Ylvis - The Fox (What Does The Fox Say-),Ylvis - The Fox,120,Ylvis - The Fox (What Does the Fox Say?),Ylvis,The Fox (What Does the Fox Say?),2013,Pop
Young Rascals - Good Lovin',Young Rascals - Good Lovin',120,The Young Rascals - Good Lovin',The Young Rascals,Good Lovin',1966,Rock
Zayn - Pillow Talk,Zayn - Pillow Talk,120,ZAYN - PILLOWTALK,ZAYN,PILLOWTALK,2016,Pop
Zayn Ft Sia - Dusk Will Dawn,Zayn Ft Sia - Dusk Will Dawn,125,ZAYN - Dusk Till Dawn (feat. Sia),ZAYN,Dusk Till Dawn (feat. Sia),2017,Pop
"baccara - Yes sir, I can boogie","baccara - Yes sir, I can boogie",130,"Baccara - Yes Sir, I Can Boogie",Baccara,"Yes Sir, I Can Boogie",1977,Pop
